Resume_ID,Resume_Text,Skills,Experience,Education,Label,Target_Role
R0001,"Rahul Sawant is a Python Developer candidate with 3 years experience. Education: M.Sc Computer Science. Skills: html, css, flask, git, mysql, pandas, sql. Project: inventory management application. Experienced in software development, testing, debugging and database handling. Interested in building reliable applications and working with development teams.","html, css, flask, git, mysql, pandas, sql",3,M.Sc Computer Science,Selected,Python Developer
R0002,"Yash Sawant is a Full Stack Developer candidate with 1 years experience. Education: BCA. Skills: flask, git, html, python. Project: customer analytics project. Experienced in software development, testing, debugging and database handling. Interested in building reliable applications and working with development teams.","flask, git, html, python",1,BCA,Rejected,Full Stack Developer
R0003,"Rahul Kamble is a Full Stack Developer candidate with 0 years experience. Education: BCA. Skills: javascript, react, html, css, git, python, sql. Project: attendance management system. Experienced in software development, testing, debugging and database handling. Interested in building reliable applications and working with development teams.","javascript, react, html, css, git, python, sql",0,BCA,Selected,Full Stack Developer
R0004,"Akash Gaikwad is a Data Analyst candidate with 1 years experience. Education: MCA. Skills: pandas, machine learning, excel, numpy, python, git, sql. Project: inventory management application. Experienced in software development, testing, debugging and database handling. Interested in building reliable applications and working with development teams.","pandas, machine learning, excel, numpy, python, git, sql",1,MCA,Selected,Data Analyst
R0005,"Riya More is a Python Developer candidate with 1 years experience. Education: BCA. Skills: html, git, numpy, mysql, django, sql, css, pandas. Project: student management system. Experienced in software development, testing, debugging and database handling. Interested in building reliable applications and working with development teams.","html, git, numpy, mysql, django, sql, css, pandas",1,BCA,Selected,Python Developer
R0006,"Gaurav Kamble is a Python Developer candidate with 2 years experience. Education: M.Sc Computer Science. Skills: html, flask, numpy, sql, css, git, pandas, python, mysql, django. Project: machine learning prediction project. Experienced in software development, testing, debugging and database handling. Interested in building reliable applications and working with development teams.","html, flask, numpy, sql, css, git, pandas, python, mysql, django",2,M.Sc Computer Science,Selected,Python Developer
R0007,"Yash Kadam is a Web Developer candidate with 0 years experience. Education: B.Tech Computer Science. Skills: sql, mysql, git, react, css, javascript. Project: resume screening system. Experienced in software development, testing, debugging and database handling. Interested in building reliable applications and working with development teams.","sql, mysql, git, react, css, javascript",0,B.Tech Computer Science,Rejected,Web Developer
R0008,"Neha Thakur is a Python Developer candidate with 2 years experience. Education: MCA. Skills: css, git, html, django, flask, numpy. Project: inventory management application. Experienced in software development, testing, debugging and database handling. Interested in building reliable applications and working with development teams.","css, git, html, django, flask, numpy",2,MCA,Selected,Python Developer
R0009,"Meera Sawant is a ML Engineer candidate with 1 years experience. Education: B.Sc Computer Science. Skills: python, machine learning, numpy, scikit-learn, git, tensorflow, keras, pandas. Project: sales dashboard. Experienced in software development, testing, debugging and database handling. Interested in building reliable applications and working with development teams.","python, machine learning, numpy, scikit-learn, git, tensorflow, keras, pandas",1,B.Sc Computer Science,Selected,ML Engineer
R0010,"Pallavi Patil is a Web Developer candidate with 0 years experience. Education: MCA. Skills: react, javascript, html, css, mysql, git. Project: sales dashboard. Experienced in software development, testing, debugging and database handling. Interested in building reliable applications and working with development teams.","react, javascript, html, css, mysql, git",0,MCA,Rejected,Web Developer
R0011,"Gaurav Mane is a Python Developer candidate with 0 years experience. Education: M.Sc Computer Science. Skills: css, html, flask, mysql, git, pandas, python, django. Project: student management system. Experienced in software development, testing, debugging and database handling. Interested in building reliable applications and working with development teams.","css, html, flask, mysql, git, pandas, python, django",0,M.Sc Computer Science,Selected,Python Developer
R0012,"Isha Shinde is a Python Developer candidate with 1 years experience. Education: M.Sc Computer Science. Skills: css, git, django, mysql, flask, sql, pandas. Project: machine learning prediction project. Experienced in software development, testing, debugging and database handling. Interested in building reliable applications and working with development teams.","css, git, django, mysql, flask, sql, pandas",1,M.Sc Computer Science,Selected,Python Developer
R0013,"Pooja Joshi is a Web Developer candidate with 3 years experience. Education: B.Sc Computer Science. Skills: css, sql, javascript, react, git. Project: machine learning prediction project. Experienced in software development, testing, debugging and database handling. Interested in building reliable applications and working with development teams.","css, sql, javascript, react, git",3,B.Sc Computer Science,Rejected,Web Developer
R0014,"Pallavi Patil is a Python Developer candidate with 2 years experience. Education: B.Tech Computer Science. Skills: numpy, flask, python, css, django. Project: resume screening system. Experienced in software development, testing, debugging and database handling. Interested in building reliable applications and working with development teams.","numpy, flask, python, css, django",2,B.Tech Computer Science,Rejected,Python Developer
R0015,"Rohan Kulkarni is a Java Developer candidate with 1 years experience. Education: M.Sc Computer Science. Skills: mysql, javascript, git, html, sql, java, css. Project: student management system. Experienced in software development, testing, debugging and database handling. Interested in building reliable applications and working with development teams.","mysql, javascript, git, html, sql, java, css",1,M.Sc Computer Science,Selected,Java Developer
R0016,"Rahul Gaikwad is a Java Developer candidate with 0 years experience. Education: BCA. Skills: html, css, mysql, git, javascript. Project: resume screening system. Experienced in software development, testing, debugging and database handling. Interested in building reliable applications and working with development teams.","html, css, mysql, git, javascript",0,BCA,Rejected,Java Developer
R0017,"Aniket Thakur is a Full Stack Developer candidate with 2 years experience. Education: BCA. Skills: html, python, react, javascript, mysql, css, git, sql, flask. Project: e commerce website. Experienced in software development, testing, debugging and database handling. Interested in building reliable applications and working with development teams.","html, python, react, javascript, mysql, css, git, sql, flask",2,BCA,Selected,Full Stack Developer
R0018,"Meera Shinde is a Java Developer candidate with 1 years experience. Education: M.Sc Computer Science. Skills: sql, javascript, git, html, css. Project: machine learning prediction project. Experienced in software development, testing, debugging and database handling. Interested in building reliable applications and working with development teams.","sql, javascript, git, html, css",1,M.Sc Computer Science,Rejected,Java Developer
R0019,"Isha Pujari is a Data Analyst candidate with 3 years experience. Education: MCA. Skills: numpy, pandas, git, sql, machine learning. Project: student management system. Experienced in software development, testing, debugging and database handling. Interested in building reliable applications and working with development teams.","numpy, pandas, git, sql, machine learning",3,MCA,Rejected,Data Analyst
R0020,"Komal Pujari is a Data Analyst candidate with 0 years experience. Education: BCA. Skills: sql, python, excel, numpy, machine learning, git, pandas. Project: customer analytics project. Experienced in software development, testing, debugging and database handling. Interested in building reliable applications and working with development teams.","sql, python, excel, numpy, machine learning, git, pandas",0,BCA,Selected,Data Analyst
R0021,"Tanvi Joshi is a ML Engineer candidate with 1 years experience. Education: M.Sc Computer Science. Skills: numpy, python, git, pandas, keras, tensorflow, sql, scikit-learn. Project: attendance management system. Experienced in software development, testing, debugging and database handling. Interested in building reliable applications and working with development teams.","numpy, python, git, pandas, keras, tensorflow, sql, scikit-learn",1,M.Sc Computer Science,Selected,ML Engineer
R0022,"Ananya Pawar is a Java Developer candidate with 1 years experience. Education: B.Sc Computer Science. Skills: javascript, css, sql, java, git, html. Project: customer analytics project. Experienced in software development, testing, debugging and database handling. Interested in building reliable applications and working with development teams.","javascript, css, sql, java, git, html",1,B.Sc Computer Science,Selected,Java Developer
R0023,"Isha Bhosale is a Web Developer candidate with 1 years experience. Education: BCA. Skills: mysql, git, html, javascript, css. Project: student management system. Experienced in software development, testing, debugging and database handling. Interested in building reliable applications and working with development teams.","mysql, git, html, javascript, css",1,BCA,Rejected,Web Developer
R0024,"Deepa Patil is a Data Analyst candidate with 0 years experience. Education: BCA. Skills: python, git, sql, numpy, pandas, machine learning. Project: attendance management system. Experienced in software development, testing, debugging and database handling. Interested in building reliable applications and working with development teams.","python, git, sql, numpy, pandas, machine learning",0,BCA,Rejected,Data Analyst
R0025,"Aditi Gaikwad is a Python Developer candidate with 1 years experience. Education: M.Sc Computer Science. Skills: html, pandas, css, numpy, sql. Project: customer analytics project. Experienced in software development, testing, debugging and database handling. Interested in building reliable applications and working with development teams.","html, pandas, css, numpy, sql",1,M.Sc Computer Science,Rejected,Python Developer
R0026,"Sneha Kadam is a Java Developer candidate with 0 years experience. Education: M.Sc Computer Science. Skills: css, html, javascript, java, mysql. Project: machine learning prediction project. Experienced in software development, testing, debugging and database handling. Interested in building reliable applications and working with development teams.","css, html, javascript, java, mysql",0,M.Sc Computer Science,Rejected,Java Developer
R0027,"Isha Salunkhe is a Data Analyst candidate with 0 years experience. Education: BCA. Skills: python, machine learning, sql, git, pandas, numpy. Project: customer analytics project. Experienced in software development, testing, debugging and database handling. Interested in building reliable applications and working with development teams.","python, machine learning, sql, git, pandas, numpy",0,BCA,Rejected,Data Analyst
R0028,"Bhavna Naik is a Java Developer candidate with 2 years experience. Education: BCA. Skills: css, mysql, sql, java. Project: sales dashboard. Experienced in software development, testing, debugging and database handling. Interested in building reliable applications and working with development teams.","css, mysql, sql, java",2,BCA,Rejected,Java Developer
R0029,"Aarav Salunkhe is a Python Developer candidate with 2 years experience. Education: B.Tech Computer Science. Skills: django, html, pandas, mysql, git. Project: student management system. Experienced in software development, testing, debugging and database handling. Interested in building reliable applications and working with development teams.","django, html, pandas, mysql, git",2,B.Tech Computer Science,Rejected,Python Developer
R0030,"Aarav Kamble is a Data Analyst candidate with 0 years experience. Education: M.Sc Computer Science. Skills: sql, git, pandas, machine learning, numpy, python, excel. Project: machine learning prediction project. Experienced in software development, testing, debugging and database handling. Interested in building reliable applications and working with development teams.","sql, git, pandas, machine learning, numpy, python, excel",0,M.Sc Computer Science,Selected,Data Analyst
R0031,"Gaurav Bhosale is a Data Analyst candidate with 1 years experience. Education: MCA. Skills: pandas, python, machine learning, numpy, sql. Project: student management system. Experienced in software development, testing, debugging and database handling. Interested in building reliable applications and working with development teams.","pandas, python, machine learning, numpy, sql",1,MCA,Rejected,Data Analyst
R0032,"Yash Kadam is a Web Developer candidate with 2 years experience. Education: M.Sc Computer Science. Skills: git, css, sql, html. Project: customer analytics project. Experienced in software development, testing, debugging and database handling. Interested in building reliable applications and working with development teams.","git, css, sql, html",2,M.Sc Computer Science,Rejected,Web Developer
R0033,"Priya Deshmukh is a Web Developer candidate with 0 years experience. Education: M.Sc Computer Science. Skills: html, mysql, git, css, react, sql. Project: machine learning prediction project. Experienced in software development, testing, debugging and database handling. Interested in building reliable applications and working with development teams.","html, mysql, git, css, react, sql",0,M.Sc Computer Science,Rejected,Web Developer
R0034,"Neha Pujari is a Web Developer candidate with 0 years experience. Education: B.Tech Computer Science. Skills: git, css, sql, javascript, mysql, html. Project: inventory management application. Experienced in software development, testing, debugging and database handling. Interested in building reliable applications and working with development teams.","git, css, sql, javascript, mysql, html",0,B.Tech Computer Science,Rejected,Web Developer
R0035,"Sonal Salunkhe is a Web Developer candidate with 0 years experience. Education: M.Sc Computer Science. Skills: css, git, react, mysql, sql, html. Project: resume screening system. Experienced in software development, testing, debugging and database handling. Interested in building reliable applications and working with development teams.","css, git, react, mysql, sql, html",0,M.Sc Computer Science,Rejected,Web Developer
R0036,"Komal Patil is a Web Developer candidate with 2 years experience. Education: BCA. Skills: html, javascript, mysql, sql, git. Project: e commerce website. Experienced in software development, testing, debugging and database handling. Interested in building reliable applications and working with development teams.","html, javascript, mysql, sql, git",2,BCA,Rejected,Web Developer
R0037,"Akash Deshmukh is a Web Developer candidate with 1 years experience. Education: BCA. Skills: sql, html, react, git, javascript, mysql. Project: machine learning prediction project. Experienced in software development, testing, debugging and database handling. Interested in building reliable applications and working with development teams.","sql, html, react, git, javascript, mysql",1,BCA,Selected,Web Developer
R0038,"Isha Mane is a Data Analyst candidate with 0 years experience. Education: M.Sc Computer Science. Skills: numpy, python, excel, pandas, machine learning, sql. Project: student management system. Experienced in software development, testing, debugging and database handling. Interested in building reliable applications and working with development teams.","numpy, python, excel, pandas, machine learning, sql",0,M.Sc Computer Science,Rejected,Data Analyst
R0039,"Aarav Kulkarni is a ML Engineer candidate with 0 years experience. Education: M.Sc Computer Science. Skills: python, sql, scikit-learn, numpy, machine learning. Project: customer analytics project. Experienced in software development, testing, debugging and database handling. Interested in building reliable applications and working with development teams.","python, sql, scikit-learn, numpy, machine learning",0,M.Sc Computer Science,Rejected,ML Engineer
R0040,"Isha Joshi is a Java Developer candidate with 0 years experience. Education: B.Tech Computer Science. Skills: sql, java, javascript, css, git. Project: student management system. Experienced in software development, testing, debugging and database handling. Interested in building reliable applications and working with development teams.","sql, java, javascript, css, git",0,B.Tech Computer Science,Rejected,Java Developer
R0041,"Manish Kadam is a Java Developer candidate with 3 years experience. Education: BCA. Skills: sql, java, mysql, html, javascript. Project: attendance management system. Experienced in software development, testing, debugging and database handling. Interested in building reliable applications and working with development teams.","sql, java, mysql, html, javascript",3,BCA,Rejected,Java Developer
R0042,"Deepa Mane is a Web Developer candidate with 1 years experience. Education: M.Sc Computer Science. Skills: javascript, react, mysql, html. Project: inventory management application. Experienced in software development, testing, debugging and database handling. Interested in building reliable applications and working with development teams.","javascript, react, mysql, html",1,M.Sc Computer Science,Rejected,Web Developer
R0043,"Bhavna Bhosale is a Java Developer candidate with 3 years experience. Education: B.Sc Computer Science. Skills: java, git, javascript, html, sql, mysql. Project: machine learning prediction project. Experienced in software development, testing, debugging and database handling. Interested in building reliable applications and working with development teams.","java, git, javascript, html, sql, mysql",3,B.Sc Computer Science,Selected,Java Developer
R0044,"Deepa Mane is a Java Developer candidate with 0 years experience. Education: MCA. Skills: mysql, javascript, html, css, sql, java. Project: customer analytics project. Experienced in software development, testing, debugging and database handling. Interested in building reliable applications and working with development teams.","mysql, javascript, html, css, sql, java",0,MCA,Rejected,Java Developer
R0045,"Karan Kadam is a ML Engineer candidate with 0 years experience. Education: BCA. Skills: keras, scikit-learn, pandas, sql, machine learning, git, tensorflow, numpy. Project: inventory management application. Experienced in software development, testing, debugging and database handling. Interested in building reliable applications and working with development teams.","keras, scikit-learn, pandas, sql, machine learning, git, tensorflow, numpy",0,BCA,Selected,ML Engineer
R0046,"Varun Jadhav is a Data Analyst candidate with 0 years experience. Education: M.Sc Computer Science. Skills: excel, machine learning, numpy, pandas, sql. Project: attendance management system. Experienced in software development, testing, debugging and database handling. Interested in building reliable applications and working with development teams.","excel, machine learning, numpy, pandas, sql",0,M.Sc Computer Science,Rejected,Data Analyst
R0047,"Sneha Sawant is a Data Analyst candidate with 0 years experience. Education: BCA. Skills: machine learning, sql, git, python, numpy, pandas, excel. Project: e commerce website. Experienced in software development, testing, debugging and database handling. Interested in building reliable applications and working with development teams.","machine learning, sql, git, python, numpy, pandas, excel",0,BCA,Selected,Data Analyst
R0048,"Sonal Kadam is a ML Engineer candidate with 0 years experience. Education: M.Sc Computer Science. Skills: tensorflow, python, scikit-learn, git, pandas, sql. Project: student management system. Experienced in software development, testing, debugging and database handling. Interested in building reliable applications and working with development teams.","tensorflow, python, scikit-learn, git, pandas, sql",0,M.Sc Computer Science,Rejected,ML Engineer
R0049,"Sneha Kadam is a Data Analyst candidate with 2 years experience. Education: BCA. Skills: git, sql, machine learning, numpy, python, excel, pandas. Project: customer analytics project. Experienced in software development, testing, debugging and database handling. Interested in building reliable applications and working with development teams.","git, sql, machine learning, numpy, python, excel, pandas",2,BCA,Selected,Data Analyst
R0050,"Sonal Joshi is a Python Developer candidate with 0 years experience. Education: M.Sc Computer Science. Skills: git, html, mysql, css, pandas, django. Project: resume screening system. Experienced in software development, testing, debugging and database handling. Interested in building reliable applications and working with development teams.","git, html, mysql, css, pandas, django",0,M.Sc Computer Science,Rejected,Python Developer
R0051,"Akash Desai is a Python Developer candidate with 2 years experience. Education: B.Tech Computer Science. Skills: pandas, sql, git, flask, mysql, numpy. Project: machine learning prediction project. Experienced in software development, testing, debugging and database handling. Interested in building reliable applications and working with development teams.","pandas, sql, git, flask, mysql, numpy",2,B.Tech Computer Science,Selected,Python Developer
R0052,"Tanvi Thakur is a Web Developer candidate with 0 years experience. Education: M.Sc Computer Science. Skills: html, git, javascript, react, mysql. Project: e commerce website. Experienced in software development, testing, debugging and database handling. Interested in building reliable applications and working with development teams.","html, git, javascript, react, mysql",0,M.Sc Computer Science,Rejected,Web Developer
R0053,"Aditi Sawant is a ML Engineer candidate with 3 years experience. Education: B.Tech Computer Science. Skills: tensorflow, git, numpy, keras, machine learning, scikit-learn, pandas, sql, python. Project: student management system. Experienced in software development, testing, debugging and database handling. Interested in building reliable applications and working with development teams.","tensorflow, git, numpy, keras, machine learning, scikit-learn, pandas, sql, python",3,B.Tech Computer Science,Selected,ML Engineer
R0054,"Aditi Salunkhe is a Python Developer candidate with 0 years experience. Education: M.Sc Computer Science. Skills: pandas, mysql, git, flask, django, css, sql, numpy. Project: sales dashboard. Experienced in software development, testing, debugging and database handling. Interested in building reliable applications and working with development teams.","pandas, mysql, git, flask, django, css, sql, numpy",0,M.Sc Computer Science,Selected,Python Developer
R0055,"Kavya Kulkarni is a Web Developer candidate with 2 years experience. Education: B.Tech Computer Science. Skills: react, sql, html, javascript, css, git. Project: sales dashboard. Experienced in software development, testing, debugging and database handling. Interested in building reliable applications and working with development teams.","react, sql, html, javascript, css, git",2,B.Tech Computer Science,Selected,Web Developer
R0056,"Chetan Patil is a Java Developer candidate with 0 years experience. Education: M.Sc Computer Science. Skills: git, mysql, css, html, javascript. Project: inventory management application. Experienced in software development, testing, debugging and database handling. Interested in building reliable applications and working with development teams.","git, mysql, css, html, javascript",0,M.Sc Computer Science,Rejected,Java Developer
R0057,"Aniket Kamble is a Full Stack Developer candidate with 3 years experience. Education: MCA. Skills: sql, html, javascript, flask, mysql. Project: customer analytics project. Experienced in software development, testing, debugging and database handling. Interested in building reliable applications and working with development teams.","sql, html, javascript, flask, mysql",3,MCA,Rejected,Full Stack Developer
R0058,"Aditi Pawar is a Data Analyst candidate with 0 years experience. Education: M.Sc Computer Science. Skills: excel, git, machine learning, pandas, python, numpy, sql. Project: attendance management system. Experienced in software development, testing, debugging and database handling. Interested in building reliable applications and working with development teams.","excel, git, machine learning, pandas, python, numpy, sql",0,M.Sc Computer Science,Selected,Data Analyst
R0059,"Bhavna Pawar is a Data Analyst candidate with 1 years experience. Education: B.Sc Computer Science. Skills: pandas, numpy, excel, machine learning, python. Project: student management system. Experienced in software development, testing, debugging and database handling. Interested in building reliable applications and working with development teams.","pandas, numpy, excel, machine learning, python",1,B.Sc Computer Science,Rejected,Data Analyst
R0060,"Deepa Thakur is a Web Developer candidate with 0 years experience. Education: B.Tech Computer Science. Skills: react, mysql, sql, git, javascript. Project: customer analytics project. Experienced in software development, testing, debugging and database handling. Interested in building reliable applications and working with development teams.","react, mysql, sql, git, javascript",0,B.Tech Computer Science,Rejected,Web Developer
R0061,"Sonal Thakur is a Java Developer candidate with 0 years experience. Education: B.Sc Computer Science. Skills: html, javascript, git, sql. Project: resume screening system. Experienced in software development, testing, debugging and database handling. Interested in building reliable applications and working with development teams.","html, javascript, git, sql",0,B.Sc Computer Science,Rejected,Java Developer
R0062,"Karan Patil is a ML Engineer candidate with 3 years experience. Education: B.Tech Computer Science. Skills: python, pandas, numpy, machine learning. Project: student management system. Experienced in software development, testing, debugging and database handling. Interested in building reliable applications and working with development teams.","python, pandas, numpy, machine learning",3,B.Tech Computer Science,Rejected,ML Engineer
R0063,"Deepa More is a Java Developer candidate with 3 years experience. Education: B.Sc Computer Science. Skills: git, java, html, css, javascript. Project: inventory management application. Experienced in software development, testing, debugging and database handling. Interested in building reliable applications and working with development teams.","git, java, html, css, javascript",3,B.Sc Computer Science,Rejected,Java Developer
R0064,"Isha Pujari is a Full Stack Developer candidate with 2 years experience. Education: B.Sc Computer Science. Skills: html, sql, react, css, mysql, git. Project: inventory management application. Experienced in software development, testing, debugging and database handling. Interested in building reliable applications and working with development teams.","html, sql, react, css, mysql, git",2,B.Sc Computer Science,Selected,Full Stack Developer
R0065,"Ananya Kulkarni is a Python Developer candidate with 2 years experience. Education: B.Sc Computer Science. Skills: sql, flask, html, django, pandas, mysql. Project: e commerce website. Experienced in software development, testing, debugging and database handling. Interested in building reliable applications and working with development teams.","sql, flask, html, django, pandas, mysql",2,B.Sc Computer Science,Selected,Python Developer
R0066,"Manish Patil is a Web Developer candidate with 2 years experience. Education: B.Tech Computer Science. Skills: css, react, html, git, javascript, mysql, sql. Project: inventory management application. Experienced in software development, testing, debugging and database handling. Interested in building reliable applications and working with development teams.","css, react, html, git, javascript, mysql, sql",2,B.Tech Computer Science,Selected,Web Developer
R0067,"Manish Naik is a Java Developer candidate with 0 years experience. Education: MCA. Skills: mysql, git, html, sql, java, javascript, css. Project: resume screening system. Experienced in software development, testing, debugging and database handling. Interested in building reliable applications and working with development teams.","mysql, git, html, sql, java, javascript, css",0,MCA,Selected,Java Developer
R0068,"Yash Thakur is a Web Developer candidate with 1 years experience. Education: M.Sc Computer Science. Skills: git, javascript, html, react, css, mysql. Project: sales dashboard. Experienced in software development, testing, debugging and database handling. Interested in building reliable applications and working with development teams.","git, javascript, html, react, css, mysql",1,M.Sc Computer Science,Selected,Web Developer
R0069,"Manish Desai is a Data Analyst candidate with 1 years experience. Education: BCA. Skills: python, git, excel, machine learning, sql, pandas. Project: inventory management application. Experienced in software development, testing, debugging and database handling. Interested in building reliable applications and working with development teams.","python, git, excel, machine learning, sql, pandas",1,BCA,Selected,Data Analyst
R0070,"Bhavna Kamble is a Java Developer candidate with 1 years experience. Education: BCA. Skills: css, java, sql, mysql, javascript, html, git. Project: attendance management system. Experienced in software development, testing, debugging and database handling. Interested in building reliable applications and working with development teams.","css, java, sql, mysql, javascript, html, git",1,BCA,Selected,Java Developer
R0071,"Isha Sawant is a Python Developer candidate with 2 years experience. Education: B.Sc Computer Science. Skills: flask, html, css, pandas, django. Project: e commerce website. Experienced in software development, testing, debugging and database handling. Interested in building reliable applications and working with development teams.","flask, html, css, pandas, django",2,B.Sc Computer Science,Rejected,Python Developer
R0072,"Deepa Naik is a Data Analyst candidate with 0 years experience. Education: MCA. Skills: machine learning, pandas, sql, git, numpy, excel, python. Project: student management system. Experienced in software development, testing, debugging and database handling. Interested in building reliable applications and working with development teams.","machine learning, pandas, sql, git, numpy, excel, python",0,MCA,Selected,Data Analyst
R0073,"Nikhil Joshi is a ML Engineer candidate with 1 years experience. Education: BCA. Skills: pandas, sql, machine learning, scikit-learn, tensorflow. Project: machine learning prediction project. Experienced in software development, testing, debugging and database handling. Interested in building reliable applications and working with development teams.","pandas, sql, machine learning, scikit-learn, tensorflow",1,BCA,Rejected,ML Engineer
R0074,"Karan Kadam is a Web Developer candidate with 0 years experience. Education: M.Sc Computer Science. Skills: sql, react, css, javascript. Project: machine learning prediction project. Experienced in software development, testing, debugging and database handling. Interested in building reliable applications and working with development teams.","sql, react, css, javascript",0,M.Sc Computer Science,Rejected,Web Developer
R0075,"Riya Mane is a Web Developer candidate with 1 years experience. Education: BCA. Skills: javascript, sql, mysql, css. Project: e commerce website. Experienced in software development, testing, debugging and database handling. Interested in building reliable applications and working with development teams.","javascript, sql, mysql, css",1,BCA,Rejected,Web Developer
R0076,"Vivek Jadhav is a Java Developer candidate with 3 years experience. Education: BCA. Skills: css, sql, html, git. Project: machine learning prediction project. Experienced in software development, testing, debugging and database handling. Interested in building reliable applications and working with development teams.","css, sql, html, git",3,BCA,Rejected,Java Developer
R0077,"Pooja Kadam is a ML Engineer candidate with 3 years experience. Education: B.Sc Computer Science. Skills: scikit-learn, git, python, numpy. Project: customer analytics project. Experienced in software development, testing, debugging and database handling. Interested in building reliable applications and working with development teams.","scikit-learn, git, python, numpy",3,B.Sc Computer Science,Rejected,ML Engineer
R0078,"Sneha Pawar is a Python Developer candidate with 1 years experience. Education: M.Sc Computer Science. Skills: django, python, sql, pandas, numpy, mysql, html. Project: customer analytics project. Experienced in software development, testing, debugging and database handling. Interested in building reliable applications and working with development teams.","django, python, sql, pandas, numpy, mysql, html",1,M.Sc Computer Science,Selected,Python Developer
R0079,"Bhavna Shinde is a Web Developer candidate with 0 years experience. Education: BCA. Skills: git, sql, html, css, javascript, react, mysql. Project: attendance management system. Experienced in software development, testing, debugging and database handling. Interested in building reliable applications and working with development teams.","git, sql, html, css, javascript, react, mysql",0,BCA,Selected,Web Developer
R0080,"Bhavna Kamble is a Full Stack Developer candidate with 0 years experience. Education: M.Sc Computer Science. Skills: javascript, python, css, html. Project: e commerce website. Experienced in software development, testing, debugging and database handling. Interested in building reliable applications and working with development teams.","javascript, python, css, html",0,M.Sc Computer Science,Rejected,Full Stack Developer
R0081,"Akash More is a ML Engineer candidate with 1 years experience. Education: MCA. Skills: git, tensorflow, pandas, machine learning. Project: resume screening system. Experienced in software development, testing, debugging and database handling. Interested in building reliable applications and working with development teams.","git, tensorflow, pandas, machine learning",1,MCA,Rejected,ML Engineer
R0082,"Rahul Joshi is a Python Developer candidate with 0 years experience. Education: B.Sc Computer Science. Skills: numpy, html, flask, sql, pandas, mysql, git, python. Project: customer analytics project. Experienced in software development, testing, debugging and database handling. Interested in building reliable applications and working with development teams.","numpy, html, flask, sql, pandas, mysql, git, python",0,B.Sc Computer Science,Selected,Python Developer
R0083,"Riya Thakur is a ML Engineer candidate with 2 years experience. Education: B.Sc Computer Science. Skills: numpy, sql, python, keras, git, tensorflow. Project: e commerce website. Experienced in software development, testing, debugging and database handling. Interested in building reliable applications and working with development teams.","numpy, sql, python, keras, git, tensorflow",2,B.Sc Computer Science,Selected,ML Engineer
R0084,"Sakshi Salunkhe is a ML Engineer candidate with 0 years experience. Education: MCA. Skills: numpy, tensorflow, pandas, scikit-learn, machine learning, python, sql, git, keras. Project: customer analytics project. Experienced in software development, testing, debugging and database handling. Interested in building reliable applications and working with development teams.","numpy, tensorflow, pandas, scikit-learn, machine learning, python, sql, git, keras",0,MCA,Selected,ML Engineer
R0085,"Manish More is a Java Developer candidate with 0 years experience. Education: BCA. Skills: java, javascript, css, git, mysql, sql. Project: attendance management system. Experienced in software development, testing, debugging and database handling. Interested in building reliable applications and working with development teams.","java, javascript, css, git, mysql, sql",0,BCA,Rejected,Java Developer
R0086,"Sonal Pujari is a Java Developer candidate with 0 years experience. Education: B.Sc Computer Science. Skills: mysql, javascript, css, java, html. Project: sales dashboard. Experienced in software development, testing, debugging and database handling. Interested in building reliable applications and working with development teams.","mysql, javascript, css, java, html",0,B.Sc Computer Science,Rejected,Java Developer
R0087,"Isha Deshmukh is a Full Stack Developer candidate with 1 years experience. Education: M.Sc Computer Science. Skills: mysql, html, javascript, sql, css, python, react, git, flask. Project: machine learning prediction project. Experienced in software development, testing, debugging and database handling. Interested in building reliable applications and working with development teams.","mysql, html, javascript, sql, css, python, react, git, flask",1,M.Sc Computer Science,Selected,Full Stack Developer
R0088,"Neha Desai is a Data Analyst candidate with 1 years experience. Education: BCA. Skills: sql, excel, numpy, pandas. Project: sales dashboard. Experienced in software development, testing, debugging and database handling. Interested in building reliable applications and working with development teams.","sql, excel, numpy, pandas",1,BCA,Rejected,Data Analyst
R0089,"Tanvi Chavan is a Python Developer candidate with 1 years experience. Education: MCA. Skills: pandas, git, flask, numpy, sql, django. Project: attendance management system. Experienced in software development, testing, debugging and database handling. Interested in building reliable applications and working with development teams.","pandas, git, flask, numpy, sql, django",1,MCA,Selected,Python Developer
R0090,"Sonal Gaikwad is a ML Engineer candidate with 0 years experience. Education: B.Tech Computer Science. Skills: keras, sql, numpy, git, pandas, python, tensorflow, scikit-learn, machine learning. Project: e commerce website. Experienced in software development, testing, debugging and database handling. Interested in building reliable applications and working with development teams.","keras, sql, numpy, git, pandas, python, tensorflow, scikit-learn, machine learning",0,B.Tech Computer Science,Selected,ML Engineer
R0091,"Manish Joshi is a Web Developer candidate with 2 years experience. Education: M.Sc Computer Science. Skills: css, html, git, react, mysql, sql. Project: attendance management system. Experienced in software development, testing, debugging and database handling. Interested in building reliable applications and working with development teams.","css, html, git, react, mysql, sql",2,M.Sc Computer Science,Selected,Web Developer
R0092,"Yash Joshi is a Java Developer candidate with 0 years experience. Education: M.Sc Computer Science. Skills: javascript, mysql, git, html, java, css, sql. Project: attendance management system. Experienced in software development, testing, debugging and database handling. Interested in building reliable applications and working with development teams.","javascript, mysql, git, html, java, css, sql",0,M.Sc Computer Science,Selected,Java Developer
R0093,"Vivek Naik is a Full Stack Developer candidate with 0 years experience. Education: BCA. Skills: html, mysql, css, react, sql, python, git. Project: customer analytics project. Experienced in software development, testing, debugging and database handling. Interested in building reliable applications and working with development teams.","html, mysql, css, react, sql, python, git",0,BCA,Selected,Full Stack Developer
R0094,"Varun Gaikwad is a Java Developer candidate with 3 years experience. Education: B.Tech Computer Science. Skills: git, html, sql, mysql, javascript, css. Project: e commerce website. Experienced in software development, testing, debugging and database handling. Interested in building reliable applications and working with development teams.","git, html, sql, mysql, javascript, css",3,B.Tech Computer Science,Selected,Java Developer
R0095,"Ananya More is a Python Developer candidate with 3 years experience. Education: BCA. Skills: html, numpy, css, mysql, django, flask, sql, git. Project: e commerce website. Experienced in software development, testing, debugging and database handling. Interested in building reliable applications and working with development teams.","html, numpy, css, mysql, django, flask, sql, git",3,BCA,Selected,Python Developer
R0096,"Akash Jadhav is a Full Stack Developer candidate with 0 years experience. Education: M.Sc Computer Science. Skills: sql, mysql, git, flask, css, react, javascript. Project: sales dashboard. Experienced in software development, testing, debugging and database handling. Interested in building reliable applications and working with development teams.","sql, mysql, git, flask, css, react, javascript",0,M.Sc Computer Science,Selected,Full Stack Developer
R0097,"Isha Patil is a Full Stack Developer candidate with 0 years experience. Education: B.Tech Computer Science. Skills: flask, mysql, javascript, html, sql, python, git. Project: sales dashboard. Experienced in software development, testing, debugging and database handling. Interested in building reliable applications and working with development teams.","flask, mysql, javascript, html, sql, python, git",0,B.Tech Computer Science,Selected,Full Stack Developer
R0098,"Priya Sawant is a Python Developer candidate with 3 years experience. Education: M.Sc Computer Science. Skills: django, git, numpy, python, pandas, html, flask. Project: customer analytics project. Experienced in software development, testing, debugging and database handling. Interested in building reliable applications and working with development teams.","django, git, numpy, python, pandas, html, flask",3,M.Sc Computer Science,Selected,Python Developer
R0099,"Priya Jadhav is a Java Developer candidate with 1 years experience. Education: MCA. Skills: java, git, mysql, sql, javascript. Project: machine learning prediction project. Experienced in software development, testing, debugging and database handling. Interested in building reliable applications and working with development teams.","java, git, mysql, sql, javascript",1,MCA,Rejected,Java Developer
R0100,"Aditi Pujari is a Full Stack Developer candidate with 1 years experience. Education: MCA. Skills: python, mysql, css, git. Project: inventory management application. Experienced in software development, testing, debugging and database handling. Interested in building reliable applications and working with development teams.","python, mysql, css, git",1,MCA,Rejected,Full Stack Developer
R0101,"Gaurav Kamble is a Data Analyst candidate with 2 years experience. Education: BCA. Skills: python, sql, pandas, machine learning. Project: e commerce website. Experienced in software development, testing, debugging and database handling. Interested in building reliable applications and working with development teams.","python, sql, pandas, machine learning",2,BCA,Rejected,Data Analyst
R0102,"Vivek Chavan is a ML Engineer candidate with 1 years experience. Education: M.Sc Computer Science. Skills: tensorflow, numpy, python, pandas. Project: attendance management system. Experienced in software development, testing, debugging and database handling. Interested in building reliable applications and working with development teams.","tensorflow, numpy, python, pandas",1,M.Sc Computer Science,Rejected,ML Engineer
R0103,"Riya Naik is a ML Engineer candidate with 1 years experience. Education: BCA. Skills: scikit-learn, tensorflow, keras, python. Project: attendance management system. Experienced in software development, testing, debugging and database handling. Interested in building reliable applications and working with development teams.","scikit-learn, tensorflow, keras, python",1,BCA,Rejected,ML Engineer
R0104,"Rahul Naik is a Data Analyst candidate with 0 years experience. Education: BCA. Skills: git, excel, machine learning, numpy, python, sql, pandas. Project: attendance management system. Experienced in software development, testing, debugging and database handling. Interested in building reliable applications and working with development teams.","git, excel, machine learning, numpy, python, sql, pandas",0,BCA,Selected,Data Analyst
R0105,"Isha Kadam is a Java Developer candidate with 0 years experience. Education: M.Sc Computer Science. Skills: mysql, html, git, sql, css, javascript, java. Project: attendance management system. Experienced in software development, testing, debugging and database handling. Interested in building reliable applications and working with development teams.","mysql, html, git, sql, css, javascript, java",0,M.Sc Computer Science,Selected,Java Developer
R0106,"Manish Salunkhe is a Python Developer candidate with 2 years experience. Education: B.Tech Computer Science. Skills: sql, python, css, mysql, numpy, django, pandas, git, html. Project: inventory management application. Experienced in software development, testing, debugging and database handling. Interested in building reliable applications and working with development teams.","sql, python, css, mysql, numpy, django, pandas, git, html",2,B.Tech Computer Science,Selected,Python Developer
R0107,"Kavya Patil is a Java Developer candidate with 1 years experience. Education: MCA. Skills: javascript, java, mysql, html, css, sql, git. Project: customer analytics project. Experienced in software development, testing, debugging and database handling. Interested in building reliable applications and working with development teams.","javascript, java, mysql, html, css, sql, git",1,MCA,Selected,Java Developer
R0108,"Priya Chavan is a ML Engineer candidate with 1 years experience. Education: BCA. Skills: tensorflow, machine learning, keras, scikit-learn, python, numpy, pandas, git, sql. Project: resume screening system. Experienced in software development, testing, debugging and database handling. Interested in building reliable applications and working with development teams.","tensorflow, machine learning, keras, scikit-learn, python, numpy, pandas, git, sql",1,BCA,Selected,ML Engineer
R0109,"Aditi Shinde is a Python Developer candidate with 0 years experience. Education: B.Sc Computer Science. Skills: numpy, mysql, css, django, pandas, git, python. Project: e commerce website. Experienced in software development, testing, debugging and database handling. Interested in building reliable applications and working with development teams.","numpy, mysql, css, django, pandas, git, python",0,B.Sc Computer Science,Selected,Python Developer
R0110,"Pooja Naik is a Full Stack Developer candidate with 1 years experience. Education: M.Sc Computer Science. Skills: react, mysql, python, git. Project: resume screening system. Experienced in software development, testing, debugging and database handling. Interested in building reliable applications and working with development teams.","react, mysql, python, git",1,M.Sc Computer Science,Rejected,Full Stack Developer
R0111,"Vivek Shinde is a Data Analyst candidate with 0 years experience. Education: BCA. Skills: python, sql, pandas, git, numpy. Project: machine learning prediction project. Experienced in software development, testing, debugging and database handling. Interested in building reliable applications and working with development teams.","python, sql, pandas, git, numpy",0,BCA,Rejected,Data Analyst
R0112,"Sneha Pujari is a Python Developer candidate with 0 years experience. Education: M.Sc Computer Science. Skills: git, html, python, numpy, django, sql. Project: e commerce website. Experienced in software development, testing, debugging and database handling. Interested in building reliable applications and working with development teams.","git, html, python, numpy, django, sql",0,M.Sc Computer Science,Rejected,Python Developer
R0113,"Neha Desai is a Python Developer candidate with 0 years experience. Education: BCA. Skills: mysql, django, css, pandas, git, flask, sql, html. Project: machine learning prediction project. Experienced in software development, testing, debugging and database handling. Interested in building reliable applications and working with development teams.","mysql, django, css, pandas, git, flask, sql, html",0,BCA,Selected,Python Developer
R0114,"Pooja Naik is a ML Engineer candidate with 0 years experience. Education: MCA. Skills: numpy, python, git, sql, pandas, scikit-learn, tensorflow. Project: student management system. Experienced in software development, testing, debugging and database handling. Interested in building reliable applications and working with development teams.","numpy, python, git, sql, pandas, scikit-learn, tensorflow",0,MCA,Selected,ML Engineer
R0115,"Kavya Gaikwad is a Full Stack Developer candidate with 1 years experience. Education: BCA. Skills: html, javascript, python, sql, flask, css. Project: sales dashboard. Experienced in software development, testing, debugging and database handling. Interested in building reliable applications and working with development teams.","html, javascript, python, sql, flask, css",1,BCA,Selected,Full Stack Developer
R0116,"Isha Kamble is a Python Developer candidate with 0 years experience. Education: BCA. Skills: css, flask, mysql, git, html, pandas, django. Project: sales dashboard. Experienced in software development, testing, debugging and database handling. Interested in building reliable applications and working with development teams.","css, flask, mysql, git, html, pandas, django",0,BCA,Selected,Python Developer
R0117,"Bhavna Deshmukh is a Java Developer candidate with 3 years experience. Education: B.Sc Computer Science. Skills: javascript, sql, html, mysql. Project: e commerce website. Experienced in software development, testing, debugging and database handling. Interested in building reliable applications and working with development teams.","javascript, sql, html, mysql",3,B.Sc Computer Science,Rejected,Java Developer
R0118,"Chetan Kulkarni is a Java Developer candidate with 0 years experience. Education: B.Sc Computer Science. Skills: javascript, java, html, mysql, css, sql. Project: customer analytics project. Experienced in software development, testing, debugging and database handling. Interested in building reliable applications and working with development teams.","javascript, java, html, mysql, css, sql",0,B.Sc Computer Science,Rejected,Java Developer
R0119,"Kavya More is a ML Engineer candidate with 0 years experience. Education: M.Sc Computer Science. Skills: numpy, machine learning, keras, sql. Project: attendance management system. Experienced in software development, testing, debugging and database handling. Interested in building reliable applications and working with development teams.","numpy, machine learning, keras, sql",0,M.Sc Computer Science,Rejected,ML Engineer
R0120,"Gaurav Salunkhe is a ML Engineer candidate with 0 years experience. Education: BCA. Skills: python, machine learning, pandas, numpy, scikit-learn, sql, tensorflow, git, keras. Project: sales dashboard. Experienced in software development, testing, debugging and database handling. Interested in building reliable applications and working with development teams.","python, machine learning, pandas, numpy, scikit-learn, sql, tensorflow, git, keras",0,BCA,Selected,ML Engineer
R0121,"Akash Joshi is a ML Engineer candidate with 0 years experience. Education: MCA. Skills: machine learning, git, pandas, tensorflow, python, sql. Project: e commerce website. Experienced in software development, testing, debugging and database handling. Interested in building reliable applications and working with development teams.","machine learning, git, pandas, tensorflow, python, sql",0,MCA,Rejected,ML Engineer
R0122,"Ananya Kadam is a Java Developer candidate with 2 years experience. Education: B.Tech Computer Science. Skills: java, mysql, sql, git. Project: inventory management application. Experienced in software development, testing, debugging and database handling. Interested in building reliable applications and working with development teams.","java, mysql, sql, git",2,B.Tech Computer Science,Rejected,Java Developer
R0123,"Sonal Salunkhe is a Java Developer candidate with 2 years experience. Education: MCA. Skills: javascript, mysql, css, sql, java, html, git. Project: resume screening system. Experienced in software development, testing, debugging and database handling. Interested in building reliable applications and working with development teams.","javascript, mysql, css, sql, java, html, git",2,MCA,Selected,Java Developer
R0124,"Rahul Shinde is a Web Developer candidate with 3 years experience. Education: MCA. Skills: git, javascript, css, mysql, react, sql. Project: resume screening system. Experienced in software development, testing, debugging and database handling. Interested in building reliable applications and working with development teams.","git, javascript, css, mysql, react, sql",3,MCA,Selected,Web Developer
R0125,"Ananya Kadam is a ML Engineer candidate with 2 years experience. Education: B.Tech Computer Science. Skills: python, git, scikit-learn, pandas, keras, machine learning, sql. Project: sales dashboard. Experienced in software development, testing, debugging and database handling. Interested in building reliable applications and working with development teams.","python, git, scikit-learn, pandas, keras, machine learning, sql",2,B.Tech Computer Science,Selected,ML Engineer
R0126,"Nikhil Mane is a Full Stack Developer candidate with 0 years experience. Education: M.Sc Computer Science. Skills: css, git, html, flask, mysql, python, javascript. Project: student management system. Experienced in software development, testing, debugging and database handling. Interested in building reliable applications and working with development teams.","css, git, html, flask, mysql, python, javascript",0,M.Sc Computer Science,Selected,Full Stack Developer
R0127,"Rahul Salunkhe is a ML Engineer candidate with 1 years experience. Education: MCA. Skills: numpy, scikit-learn, tensorflow, machine learning, git, pandas, sql, keras, python. Project: e commerce website. Experienced in software development, testing, debugging and database handling. Interested in building reliable applications and working with development teams.","numpy, scikit-learn, tensorflow, machine learning, git, pandas, sql, keras, python",1,MCA,Selected,ML Engineer
R0128,"Sonal More is a Python Developer candidate with 3 years experience. Education: B.Tech Computer Science. Skills: numpy, pandas, sql, mysql, css, html, git, flask. Project: customer analytics project. Experienced in software development, testing, debugging and database handling. Interested in building reliable applications and working with development teams.","numpy, pandas, sql, mysql, css, html, git, flask",3,B.Tech Computer Science,Selected,Python Developer
R0129,"Bhavna More is a Java Developer candidate with 0 years experience. Education: MCA. Skills: git, sql, mysql, javascript. Project: e commerce website. Experienced in software development, testing, debugging and database handling. Interested in building reliable applications and working with development teams.","git, sql, mysql, javascript",0,MCA,Rejected,Java Developer
R0130,"Gaurav Pujari is a Data Analyst candidate with 2 years experience. Education: BCA. Skills: sql, git, python, numpy, machine learning, pandas, excel. Project: customer analytics project. Experienced in software development, testing, debugging and database handling. Interested in building reliable applications and working with development teams.","sql, git, python, numpy, machine learning, pandas, excel",2,BCA,Selected,Data Analyst
R0131,"Meera Shinde is a Web Developer candidate with 2 years experience. Education: B.Tech Computer Science. Skills: git, react, sql, mysql. Project: sales dashboard. Experienced in software development, testing, debugging and database handling. Interested in building reliable applications and working with development teams.","git, react, sql, mysql",2,B.Tech Computer Science,Rejected,Web Developer
R0132,"Pallavi Bhosale is a Web Developer candidate with 3 years experience. Education: M.Sc Computer Science. Skills: html, mysql, git, css, sql, react. Project: e commerce website. Experienced in software development, testing, debugging and database handling. Interested in building reliable applications and working with development teams.","html, mysql, git, css, sql, react",3,M.Sc Computer Science,Selected,Web Developer
R0133,"Gaurav Pujari is a Data Analyst candidate with 3 years experience. Education: MCA. Skills: python, machine learning, numpy, pandas, excel, sql. Project: sales dashboard. Experienced in software development, testing, debugging and database handling. Interested in building reliable applications and working with development teams.","python, machine learning, numpy, pandas, excel, sql",3,MCA,Selected,Data Analyst
R0134,"Rohan Mane is a Java Developer candidate with 1 years experience. Education: BCA. Skills: mysql, git, html, java, css. Project: machine learning prediction project. Experienced in software development, testing, debugging and database handling. Interested in building reliable applications and working with development teams.","mysql, git, html, java, css",1,BCA,Rejected,Java Developer
R0135,"Sonal Pawar is a Java Developer candidate with 0 years experience. Education: BCA. Skills: javascript, css, java, git. Project: customer analytics project. Experienced in software development, testing, debugging and database handling. Interested in building reliable applications and working with development teams.","javascript, css, java, git",0,BCA,Rejected,Java Developer
R0136,"Neha Pawar is a Web Developer candidate with 1 years experience. Education: BCA. Skills: html, git, react, mysql, sql. Project: e commerce website. Experienced in software development, testing, debugging and database handling. Interested in building reliable applications and working with development teams.","html, git, react, mysql, sql",1,BCA,Rejected,Web Developer
R0137,"Chetan Pawar is a Java Developer candidate with 1 years experience. Education: BCA. Skills: html, sql, javascript, java, css. Project: attendance management system. Experienced in software development, testing, debugging and database handling. Interested in building reliable applications and working with development teams.","html, sql, javascript, java, css",1,BCA,Rejected,Java Developer
R0138,"Manish More is a Java Developer candidate with 0 years experience. Education: B.Tech Computer Science. Skills: html, javascript, css, java, sql, mysql, git. Project: customer analytics project. Experienced in software development, testing, debugging and database handling. Interested in building reliable applications and working with development teams.","html, javascript, css, java, sql, mysql, git",0,B.Tech Computer Science,Selected,Java Developer
R0139,"Aditi Chavan is a Python Developer candidate with 0 years experience. Education: BCA. Skills: python, django, css, flask, mysql. Project: resume screening system. Experienced in software development, testing, debugging and database handling. Interested in building reliable applications and working with development teams.","python, django, css, flask, mysql",0,BCA,Rejected,Python Developer
R0140,"Akash Salunkhe is a Web Developer candidate with 0 years experience. Education: MCA. Skills: html, git, javascript, css, react. Project: inventory management application. Experienced in software development, testing, debugging and database handling. Interested in building reliable applications and working with development teams.","html, git, javascript, css, react",0,MCA,Rejected,Web Developer
R0141,"Pooja Shinde is a Python Developer candidate with 1 years experience. Education: BCA. Skills: pandas, django, sql, python, numpy, flask, git. Project: student management system. Experienced in software development, testing, debugging and database handling. Interested in building reliable applications and working with development teams.","pandas, django, sql, python, numpy, flask, git",1,BCA,Selected,Python Developer
R0142,"Priya Thakur is a Java Developer candidate with 0 years experience. Education: M.Sc Computer Science. Skills: html, java, mysql, git, css, javascript, sql. Project: sales dashboard. Experienced in software development, testing, debugging and database handling. Interested in building reliable applications and working with development teams.","html, java, mysql, git, css, javascript, sql",0,M.Sc Computer Science,Selected,Java Developer
R0143,"Pooja Salunkhe is a Web Developer candidate with 2 years experience. Education: BCA. Skills: css, react, html, git, mysql. Project: sales dashboard. Experienced in software development, testing, debugging and database handling. Interested in building reliable applications and working with development teams.","css, react, html, git, mysql",2,BCA,Rejected,Web Developer
R0144,"Pallavi Patil is a Data Analyst candidate with 0 years experience. Education: MCA. Skills: pandas, excel, machine learning, python. Project: machine learning prediction project. Experienced in software development, testing, debugging and database handling. Interested in building reliable applications and working with development teams.","pandas, excel, machine learning, python",0,MCA,Rejected,Data Analyst
R0145,"Yash Bhosale is a ML Engineer candidate with 1 years experience. Education: B.Sc Computer Science. Skills: tensorflow, machine learning, sql, numpy, python, scikit-learn. Project: sales dashboard. Experienced in software development, testing, debugging and database handling. Interested in building reliable applications and working with development teams.","tensorflow, machine learning, sql, numpy, python, scikit-learn",1,B.Sc Computer Science,Selected,ML Engineer
R0146,"Tanvi Shinde is a ML Engineer candidate with 0 years experience. Education: M.Sc Computer Science. Skills: keras, numpy, git, sql, machine learning, scikit-learn, python. Project: student management system. Experienced in software development, testing, debugging and database handling. Interested in building reliable applications and working with development teams.","keras, numpy, git, sql, machine learning, scikit-learn, python",0,M.Sc Computer Science,Selected,ML Engineer
R0147,"Yash Salunkhe is a Data Analyst candidate with 0 years experience. Education: B.Sc Computer Science. Skills: sql, machine learning, pandas, git. Project: machine learning prediction project. Experienced in software development, testing, debugging and database handling. Interested in building reliable applications and working with development teams.","sql, machine learning, pandas, git",0,B.Sc Computer Science,Rejected,Data Analyst
R0148,"Aniket Deshmukh is a Full Stack Developer candidate with 2 years experience. Education: B.Tech Computer Science. Skills: html, python, react, javascript, flask, mysql, git, css. Project: resume screening system. Experienced in software development, testing, debugging and database handling. Interested in building reliable applications and working with development teams.","html, python, react, javascript, flask, mysql, git, css",2,B.Tech Computer Science,Selected,Full Stack Developer
R0149,"Sakshi Mane is a Web Developer candidate with 3 years experience. Education: M.Sc Computer Science. Skills: css, react, git, sql, mysql, html. Project: resume screening system. Experienced in software development, testing, debugging and database handling. Interested in building reliable applications and working with development teams.","css, react, git, sql, mysql, html",3,M.Sc Computer Science,Selected,Web Developer
R0150,"Ananya Pujari is a ML Engineer candidate with 0 years experience. Education: B.Tech Computer Science. Skills: pandas, sql, python, numpy. Project: resume screening system. Experienced in software development, testing, debugging and database handling. Interested in building reliable applications and working with development teams.","pandas, sql, python, numpy",0,B.Tech Computer Science,Rejected,ML Engineer
R0151,"Komal Salunkhe is a Python Developer candidate with 1 years experience. Education: B.Tech Computer Science. Skills: sql, django, pandas, numpy, flask, css. Project: e commerce website. Experienced in software development, testing, debugging and database handling. Interested in building reliable applications and working with development teams.","sql, django, pandas, numpy, flask, css",1,B.Tech Computer Science,Selected,Python Developer
R0152,"Manish Jadhav is a Web Developer candidate with 0 years experience. Education: M.Sc Computer Science. Skills: sql, css, react, git, javascript, html, mysql. Project: student management system. Experienced in software development, testing, debugging and database handling. Interested in building reliable applications and working with development teams.","sql, css, react, git, javascript, html, mysql",0,M.Sc Computer Science,Selected,Web Developer
R0153,"Aniket Joshi is a Python Developer candidate with 0 years experience. Education: B.Sc Computer Science. Skills: html, pandas, numpy, python, sql, git. Project: machine learning prediction project. Experienced in software development, testing, debugging and database handling. Interested in building reliable applications and working with development teams.","html, pandas, numpy, python, sql, git",0,B.Sc Computer Science,Rejected,Python Developer
R0154,"Priya Bhosale is a Web Developer candidate with 0 years experience. Education: MCA. Skills: sql, javascript, css, mysql, html, react, git. Project: customer analytics project. Experienced in software development, testing, debugging and database handling. Interested in building reliable applications and working with development teams.","sql, javascript, css, mysql, html, react, git",0,MCA,Selected,Web Developer
R0155,"Meera Joshi is a Python Developer candidate with 2 years experience. Education: BCA. Skills: sql, pandas, flask, python, html. Project: inventory management application. Experienced in software development, testing, debugging and database handling. Interested in building reliable applications and working with development teams.","sql, pandas, flask, python, html",2,BCA,Rejected,Python Developer
R0156,"Rahul Mane is a Python Developer candidate with 1 years experience. Education: B.Tech Computer Science. Skills: git, flask, html, css, django, numpy, mysql, pandas, sql, python. Project: resume screening system. Experienced in software development, testing, debugging and database handling. Interested in building reliable applications and working with development teams.","git, flask, html, css, django, numpy, mysql, pandas, sql, python",1,B.Tech Computer Science,Selected,Python Developer
R0157,"Aditi Joshi is a Java Developer candidate with 1 years experience. Education: BCA. Skills: css, java, javascript, mysql, sql, git, html. Project: resume screening system. Experienced in software development, testing, debugging and database handling. Interested in building reliable applications and working with development teams.","css, java, javascript, mysql, sql, git, html",1,BCA,Selected,Java Developer
R0158,"Aarav Mane is a Full Stack Developer candidate with 3 years experience. Education: B.Sc Computer Science. Skills: react, python, flask, mysql, html. Project: sales dashboard. Experienced in software development, testing, debugging and database handling. Interested in building reliable applications and working with development teams.","react, python, flask, mysql, html",3,B.Sc Computer Science,Rejected,Full Stack Developer
R0159,"Riya Patil is a Python Developer candidate with 0 years experience. Education: BCA. Skills: html, django, mysql, numpy, python, git, flask. Project: student management system. Experienced in software development, testing, debugging and database handling. Interested in building reliable applications and working with development teams.","html, django, mysql, numpy, python, git, flask",0,BCA,Selected,Python Developer
R0160,"Bhavna Kulkarni is a Full Stack Developer candidate with 2 years experience. Education: B.Sc Computer Science. Skills: sql, flask, git, mysql, html, react, javascript, python. Project: e commerce website. Experienced in software development, testing, debugging and database handling. Interested in building reliable applications and working with development teams.","sql, flask, git, mysql, html, react, javascript, python",2,B.Sc Computer Science,Selected,Full Stack Developer
R0161,"Kavya Chavan is a Web Developer candidate with 0 years experience. Education: BCA. Skills: css, react, sql, mysql, git, javascript, html. Project: student management system. Experienced in software development, testing, debugging and database handling. Interested in building reliable applications and working with development teams.","css, react, sql, mysql, git, javascript, html",0,BCA,Selected,Web Developer
R0162,"Meera Kadam is a Data Analyst candidate with 0 years experience. Education: MCA. Skills: excel, machine learning, numpy, git, sql, python, pandas. Project: sales dashboard. Experienced in software development, testing, debugging and database handling. Interested in building reliable applications and working with development teams.","excel, machine learning, numpy, git, sql, python, pandas",0,MCA,Selected,Data Analyst
R0163,"Manish Gaikwad is a Web Developer candidate with 2 years experience. Education: MCA. Skills: sql, mysql, react, javascript, css. Project: resume screening system. Experienced in software development, testing, debugging and database handling. Interested in building reliable applications and working with development teams.","sql, mysql, react, javascript, css",2,MCA,Rejected,Web Developer
R0164,"Isha Desai is a Data Analyst candidate with 0 years experience. Education: BCA. Skills: python, pandas, excel, machine learning, sql, git, numpy. Project: machine learning prediction project. Experienced in software development, testing, debugging and database handling. Interested in building reliable applications and working with development teams.","python, pandas, excel, machine learning, sql, git, numpy",0,BCA,Selected,Data Analyst
R0165,"Deepa Joshi is a Data Analyst candidate with 2 years experience. Education: B.Sc Computer Science. Skills: python, excel, sql, git, pandas, numpy, machine learning. Project: inventory management application. Experienced in software development, testing, debugging and database handling. Interested in building reliable applications and working with development teams.","python, excel, sql, git, pandas, numpy, machine learning",2,B.Sc Computer Science,Selected,Data Analyst
R0166,"Varun Naik is a Web Developer candidate with 0 years experience. Education: M.Sc Computer Science. Skills: react, sql, git, mysql, html. Project: machine learning prediction project. Experienced in software development, testing, debugging and database handling. Interested in building reliable applications and working with development teams.","react, sql, git, mysql, html",0,M.Sc Computer Science,Rejected,Web Developer
R0167,"Aarav Bhosale is a Data Analyst candidate with 1 years experience. Education: B.Sc Computer Science. Skills: numpy, sql, excel, git, python, machine learning. Project: machine learning prediction project. Experienced in software development, testing, debugging and database handling. Interested in building reliable applications and working with development teams.","numpy, sql, excel, git, python, machine learning",1,B.Sc Computer Science,Selected,Data Analyst
R0168,"Karan Gaikwad is a Java Developer candidate with 0 years experience. Education: MCA. Skills: git, sql, html, css, mysql. Project: machine learning prediction project. Experienced in software development, testing, debugging and database handling. Interested in building reliable applications and working with development teams.","git, sql, html, css, mysql",0,MCA,Rejected,Java Developer
R0169,"Pooja Kulkarni is a Data Analyst candidate with 1 years experience. Education: M.Sc Computer Science. Skills: sql, machine learning, numpy, python. Project: resume screening system. Experienced in software development, testing, debugging and database handling. Interested in building reliable applications and working with development teams.","sql, machine learning, numpy, python",1,M.Sc Computer Science,Rejected,Data Analyst
R0170,"Komal Pujari is a Web Developer candidate with 1 years experience. Education: M.Sc Computer Science. Skills: sql, react, css, git, html. Project: machine learning prediction project. Experienced in software development, testing, debugging and database handling. Interested in building reliable applications and working with development teams.","sql, react, css, git, html",1,M.Sc Computer Science,Rejected,Web Developer
R0171,"Varun Desai is a Java Developer candidate with 0 years experience. Education: BCA. Skills: sql, javascript, css, html, java, mysql. Project: inventory management application. Experienced in software development, testing, debugging and database handling. Interested in building reliable applications and working with development teams.","sql, javascript, css, html, java, mysql",0,BCA,Rejected,Java Developer
R0172,"Rohan Deshmukh is a ML Engineer candidate with 0 years experience. Education: MCA. Skills: python, git, pandas, machine learning, keras, tensorflow, sql, scikit-learn, numpy. Project: attendance management system. Experienced in software development, testing, debugging and database handling. Interested in building reliable applications and working with development teams.","python, git, pandas, machine learning, keras, tensorflow, sql, scikit-learn, numpy",0,MCA,Selected,ML Engineer
R0173,"Gaurav Kadam is a Data Analyst candidate with 1 years experience. Education: B.Sc Computer Science. Skills: sql, excel, pandas, python, numpy. Project: e commerce website. Experienced in software development, testing, debugging and database handling. Interested in building reliable applications and working with development teams.","sql, excel, pandas, python, numpy",1,B.Sc Computer Science,Rejected,Data Analyst
R0174,"Ananya Salunkhe is a Python Developer candidate with 2 years experience. Education: B.Sc Computer Science. Skills: git, mysql, numpy, css, sql, django, flask, python. Project: inventory management application. Experienced in software development, testing, debugging and database handling. Interested in building reliable applications and working with development teams.","git, mysql, numpy, css, sql, django, flask, python",2,B.Sc Computer Science,Selected,Python Developer
R0175,"Sakshi Naik is a ML Engineer candidate with 0 years experience. Education: MCA. Skills: numpy, pandas, git, python, keras, sql, scikit-learn. Project: machine learning prediction project. Experienced in software development, testing, debugging and database handling. Interested in building reliable applications and working with development teams.","numpy, pandas, git, python, keras, sql, scikit-learn",0,MCA,Selected,ML Engineer
R0176,"Vivek Joshi is a ML Engineer candidate with 1 years experience. Education: BCA. Skills: tensorflow, numpy, python, machine learning, git. Project: e commerce website. Experienced in software development, testing, debugging and database handling. Interested in building reliable applications and working with development teams.","tensorflow, numpy, python, machine learning, git",1,BCA,Rejected,ML Engineer
R0177,"Riya Kulkarni is a Full Stack Developer candidate with 1 years experience. Education: MCA. Skills: html, sql, react, css. Project: student management system. Experienced in software development, testing, debugging and database handling. Interested in building reliable applications and working with development teams.","html, sql, react, css",1,MCA,Rejected,Full Stack Developer
R0178,"Gaurav Sawant is a ML Engineer candidate with 0 years experience. Education: M.Sc Computer Science. Skills: scikit-learn, git, keras, python. Project: sales dashboard. Experienced in software development, testing, debugging and database handling. Interested in building reliable applications and working with development teams.","scikit-learn, git, keras, python",0,M.Sc Computer Science,Rejected,ML Engineer
R0179,"Bhavna Pawar is a Data Analyst candidate with 0 years experience. Education: M.Sc Computer Science. Skills: machine learning, pandas, excel, numpy. Project: inventory management application. Experienced in software development, testing, debugging and database handling. Interested in building reliable applications and working with development teams.","machine learning, pandas, excel, numpy",0,M.Sc Computer Science,Rejected,Data Analyst
R0180,"Nikhil Jadhav is a Data Analyst candidate with 1 years experience. Education: B.Sc Computer Science. Skills: numpy, sql, git, machine learning, excel. Project: inventory management application. Experienced in software development, testing, debugging and database handling. Interested in building reliable applications and working with development teams.","numpy, sql, git, machine learning, excel",1,B.Sc Computer Science,Rejected,Data Analyst
R0181,"Karan Patil is a Web Developer candidate with 2 years experience. Education: B.Tech Computer Science. Skills: css, javascript, mysql, git, react, html, sql. Project: sales dashboard. Experienced in software development, testing, debugging and database handling. Interested in building reliable applications and working with development teams.","css, javascript, mysql, git, react, html, sql",2,B.Tech Computer Science,Selected,Web Developer
R0182,"Isha Bhosale is a Python Developer candidate with 3 years experience. Education: M.Sc Computer Science. Skills: pandas, mysql, numpy, python, html, sql, django. Project: resume screening system. Experienced in software development, testing, debugging and database handling. Interested in building reliable applications and working with development teams.","pandas, mysql, numpy, python, html, sql, django",3,M.Sc Computer Science,Selected,Python Developer
R0183,"Vivek More is a Python Developer candidate with 0 years experience. Education: B.Sc Computer Science. Skills: mysql, html, pandas, python, django, css, numpy, sql. Project: sales dashboard. Experienced in software development, testing, debugging and database handling. Interested in building reliable applications and working with development teams.","mysql, html, pandas, python, django, css, numpy, sql",0,B.Sc Computer Science,Selected,Python Developer
R0184,"Meera Shinde is a Data Analyst candidate with 3 years experience. Education: M.Sc Computer Science. Skills: python, numpy, git, pandas, sql, excel, machine learning. Project: resume screening system. Experienced in software development, testing, debugging and database handling. Interested in building reliable applications and working with development teams.","python, numpy, git, pandas, sql, excel, machine learning",3,M.Sc Computer Science,Selected,Data Analyst
R0185,"Kavya Jadhav is a Python Developer candidate with 1 years experience. Education: BCA. Skills: flask, pandas, mysql, django, numpy. Project: customer analytics project. Experienced in software development, testing, debugging and database handling. Interested in building reliable applications and working with development teams.","flask, pandas, mysql, django, numpy",1,BCA,Rejected,Python Developer
R0186,"Riya Pawar is a ML Engineer candidate with 0 years experience. Education: B.Tech Computer Science. Skills: scikit-learn, numpy, keras, python, tensorflow, pandas. Project: student management system. Experienced in software development, testing, debugging and database handling. Interested in building reliable applications and working with development teams.","scikit-learn, numpy, keras, python, tensorflow, pandas",0,B.Tech Computer Science,Rejected,ML Engineer
R0187,"Rohan Bhosale is a Web Developer candidate with 0 years experience. Education: M.Sc Computer Science. Skills: sql, mysql, git, html. Project: e commerce website. Experienced in software development, testing, debugging and database handling. Interested in building reliable applications and working with development teams.","sql, mysql, git, html",0,M.Sc Computer Science,Rejected,Web Developer
R0188,"Varun Pujari is a Python Developer candidate with 2 years experience. Education: M.Sc Computer Science. Skills: django, sql, git, pandas, flask, numpy, html. Project: customer analytics project. Experienced in software development, testing, debugging and database handling. Interested in building reliable applications and working with development teams.","django, sql, git, pandas, flask, numpy, html",2,M.Sc Computer Science,Selected,Python Developer
R0189,"Aarav Bhosale is a Python Developer candidate with 2 years experience. Education: M.Sc Computer Science. Skills: html, pandas, mysql, flask, django, sql, css, numpy. Project: attendance management system. Experienced in software development, testing, debugging and database handling. Interested in building reliable applications and working with development teams.","html, pandas, mysql, flask, django, sql, css, numpy",2,M.Sc Computer Science,Selected,Python Developer
R0190,"Pallavi Salunkhe is a Java Developer candidate with 1 years experience. Education: B.Tech Computer Science. Skills: javascript, html, mysql, css. Project: student management system. Experienced in software development, testing, debugging and database handling. Interested in building reliable applications and working with development teams.","javascript, html, mysql, css",1,B.Tech Computer Science,Rejected,Java Developer
R0191,"Sonal Joshi is a Data Analyst candidate with 1 years experience. Education: MCA. Skills: excel, numpy, machine learning, sql, python. Project: attendance management system. Experienced in software development, testing, debugging and database handling. Interested in building reliable applications and working with development teams.","excel, numpy, machine learning, sql, python",1,MCA,Rejected,Data Analyst
R0192,"Sakshi Gaikwad is a Python Developer candidate with 0 years experience. Education: MCA. Skills: pandas, numpy, flask, git, django, sql, css, python, html, mysql. Project: sales dashboard. Experienced in software development, testing, debugging and database handling. Interested in building reliable applications and working with development teams.","pandas, numpy, flask, git, django, sql, css, python, html, mysql",0,MCA,Selected,Python Developer
R0193,"Sonal Patil is a Web Developer candidate with 0 years experience. Education: B.Sc Computer Science. Skills: mysql, css, git, html, sql, react. Project: inventory management application. Experienced in software development, testing, debugging and database handling. Interested in building reliable applications and working with development teams.","mysql, css, git, html, sql, react",0,B.Sc Computer Science,Rejected,Web Developer
R0194,"Isha Kadam is a Data Analyst candidate with 1 years experience. Education: BCA. Skills: sql, git, machine learning, pandas, numpy, excel, python. Project: sales dashboard. Experienced in software development, testing, debugging and database handling. Interested in building reliable applications and working with development teams.","sql, git, machine learning, pandas, numpy, excel, python",1,BCA,Selected,Data Analyst
R0195,"Ananya Kadam is a Java Developer candidate with 1 years experience. Education: B.Sc Computer Science. Skills: git, java, sql, mysql, javascript, css, html. Project: e commerce website. Experienced in software development, testing, debugging and database handling. Interested in building reliable applications and working with development teams.","git, java, sql, mysql, javascript, css, html",1,B.Sc Computer Science,Selected,Java Developer
R0196,"Pallavi Mane is a Java Developer candidate with 2 years experience. Education: MCA. Skills: mysql, javascript, html, java, git, css. Project: machine learning prediction project. Experienced in software development, testing, debugging and database handling. Interested in building reliable applications and working with development teams.","mysql, javascript, html, java, git, css",2,MCA,Selected,Java Developer
R0197,"Priya Deshmukh is a ML Engineer candidate with 0 years experience. Education: B.Sc Computer Science. Skills: pandas, sql, git, tensorflow, numpy, scikit-learn, keras, machine learning. Project: resume screening system. Experienced in software development, testing, debugging and database handling. Interested in building reliable applications and working with development teams.","pandas, sql, git, tensorflow, numpy, scikit-learn, keras, machine learning",0,B.Sc Computer Science,Selected,ML Engineer
R0198,"Varun Naik is a Full Stack Developer candidate with 2 years experience. Education: MCA. Skills: javascript, react, flask, mysql, html, python, css, sql. Project: inventory management application. Experienced in software development, testing, debugging and database handling. Interested in building reliable applications and working with development teams.","javascript, react, flask, mysql, html, python, css, sql",2,MCA,Selected,Full Stack Developer
R0199,"Riya Desai is a Java Developer candidate with 1 years experience. Education: B.Tech Computer Science. Skills: git, html, javascript, css. Project: machine learning prediction project. Experienced in software development, testing, debugging and database handling. Interested in building reliable applications and working with development teams.","git, html, javascript, css",1,B.Tech Computer Science,Rejected,Java Developer
R0200,"Karan Salunkhe is a Web Developer candidate with 0 years experience. Education: MCA. Skills: react, sql, git, javascript. Project: machine learning prediction project. Experienced in software development, testing, debugging and database handling. Interested in building reliable applications and working with development teams.","react, sql, git, javascript",0,MCA,Rejected,Web Developer
R0201,"Chetan Shinde is a Python Developer candidate with 1 years experience. Education: B.Tech Computer Science. Skills: pandas, css, mysql, html, git, flask, sql, numpy, python, django. Project: machine learning prediction project. Experienced in software development, testing, debugging and database handling. Interested in building reliable applications and working with development teams.","pandas, css, mysql, html, git, flask, sql, numpy, python, django",1,B.Tech Computer Science,Selected,Python Developer
R0202,"Meera Kadam is a Full Stack Developer candidate with 1 years experience. Education: B.Sc Computer Science. Skills: javascript, mysql, python, css, react, html. Project: resume screening system. Experienced in software development, testing, debugging and database handling. Interested in building reliable applications and working with development teams.","javascript, mysql, python, css, react, html",1,B.Sc Computer Science,Selected,Full Stack Developer
R0203,"Rohan Pawar is a Full Stack Developer candidate with 0 years experience. Education: B.Sc Computer Science. Skills: python, flask, javascript, git, css. Project: e commerce website. Experienced in software development, testing, debugging and database handling. Interested in building reliable applications and working with development teams.","python, flask, javascript, git, css",0,B.Sc Computer Science,Rejected,Full Stack Developer
R0204,"Sonal Chavan is a Data Analyst candidate with 1 years experience. Education: B.Tech Computer Science. Skills: numpy, python, git, machine learning, pandas, excel, sql. Project: customer analytics project. Experienced in software development, testing, debugging and database handling. Interested in building reliable applications and working with development teams.","numpy, python, git, machine learning, pandas, excel, sql",1,B.Tech Computer Science,Selected,Data Analyst
R0205,"Chetan Deshmukh is a ML Engineer candidate with 2 years experience. Education: M.Sc Computer Science. Skills: pandas, python, sql, scikit-learn, machine learning, git, numpy, keras. Project: inventory management application. Experienced in software development, testing, debugging and database handling. Interested in building reliable applications and working with development teams.","pandas, python, sql, scikit-learn, machine learning, git, numpy, keras",2,M.Sc Computer Science,Selected,ML Engineer
R0206,"Riya Joshi is a Python Developer candidate with 0 years experience. Education: B.Tech Computer Science. Skills: mysql, pandas, flask, html, django, git, numpy, python. Project: inventory management application. Experienced in software development, testing, debugging and database handling. Interested in building reliable applications and working with development teams.","mysql, pandas, flask, html, django, git, numpy, python",0,B.Tech Computer Science,Selected,Python Developer
R0207,"Neha Joshi is a Web Developer candidate with 0 years experience. Education: B.Tech Computer Science. Skills: css, react, mysql, sql, javascript, git, html. Project: student management system. Experienced in software development, testing, debugging and database handling. Interested in building reliable applications and working with development teams.","css, react, mysql, sql, javascript, git, html",0,B.Tech Computer Science,Selected,Web Developer
R0208,"Komal Sawant is a Full Stack Developer candidate with 3 years experience. Education: M.Sc Computer Science. Skills: html, javascript, git, flask. Project: inventory management application. Experienced in software development, testing, debugging and database handling. Interested in building reliable applications and working with development teams.","html, javascript, git, flask",3,M.Sc Computer Science,Rejected,Full Stack Developer
R0209,"Riya Salunkhe is a Python Developer candidate with 0 years experience. Education: BCA. Skills: django, git, mysql, css, python, numpy. Project: attendance management system. Experienced in software development, testing, debugging and database handling. Interested in building reliable applications and working with development teams.","django, git, mysql, css, python, numpy",0,BCA,Rejected,Python Developer
R0210,"Akash Thakur is a Full Stack Developer candidate with 0 years experience. Education: M.Sc Computer Science. Skills: html, javascript, sql, flask, python, git, mysql, css. Project: e commerce website. Experienced in software development, testing, debugging and database handling. Interested in building reliable applications and working with development teams.","html, javascript, sql, flask, python, git, mysql, css",0,M.Sc Computer Science,Selected,Full Stack Developer
R0211,"Isha Chavan is a Java Developer candidate with 3 years experience. Education: MCA. Skills: javascript, mysql, css, git. Project: sales dashboard. Experienced in software development, testing, debugging and database handling. Interested in building reliable applications and working with development teams.","javascript, mysql, css, git",3,MCA,Rejected,Java Developer
R0212,"Sakshi Deshmukh is a Data Analyst candidate with 0 years experience. Education: B.Tech Computer Science. Skills: sql, pandas, git, python, excel, machine learning, numpy. Project: machine learning prediction project. Experienced in software development, testing, debugging and database handling. Interested in building reliable applications and working with development teams.","sql, pandas, git, python, excel, machine learning, numpy",0,B.Tech Computer Science,Selected,Data Analyst
R0213,"Karan Kamble is a Data Analyst candidate with 1 years experience. Education: M.Sc Computer Science. Skills: python, machine learning, sql, pandas. Project: e commerce website. Experienced in software development, testing, debugging and database handling. Interested in building reliable applications and working with development teams.","python, machine learning, sql, pandas",1,M.Sc Computer Science,Rejected,Data Analyst
R0214,"Aniket Kamble is a Data Analyst candidate with 2 years experience. Education: B.Tech Computer Science. Skills: pandas, sql, python, excel. Project: machine learning prediction project. Experienced in software development, testing, debugging and database handling. Interested in building reliable applications and working with development teams.","pandas, sql, python, excel",2,B.Tech Computer Science,Rejected,Data Analyst
R0215,"Priya Pawar is a Data Analyst candidate with 0 years experience. Education: BCA. Skills: sql, python, numpy, excel, machine learning, git. Project: inventory management application. Experienced in software development, testing, debugging and database handling. Interested in building reliable applications and working with development teams.","sql, python, numpy, excel, machine learning, git",0,BCA,Rejected,Data Analyst
R0216,"Pooja Kamble is a Python Developer candidate with 0 years experience. Education: B.Tech Computer Science. Skills: numpy, pandas, html, django, sql, flask, mysql. Project: e commerce website. Experienced in software development, testing, debugging and database handling. Interested in building reliable applications and working with development teams.","numpy, pandas, html, django, sql, flask, mysql",0,B.Tech Computer Science,Selected,Python Developer
R0217,"Pooja Kulkarni is a Python Developer candidate with 1 years experience. Education: M.Sc Computer Science. Skills: django, numpy, pandas, css, mysql, python. Project: e commerce website. Experienced in software development, testing, debugging and database handling. Interested in building reliable applications and working with development teams.","django, numpy, pandas, css, mysql, python",1,M.Sc Computer Science,Selected,Python Developer
R0218,"Aniket Deshmukh is a Full Stack Developer candidate with 0 years experience. Education: M.Sc Computer Science. Skills: javascript, css, python, html, git, sql, react, flask. Project: inventory management application. Experienced in software development, testing, debugging and database handling. Interested in building reliable applications and working with development teams.","javascript, css, python, html, git, sql, react, flask",0,M.Sc Computer Science,Selected,Full Stack Developer
R0219,"Isha Mane is a Data Analyst candidate with 1 years experience. Education: B.Tech Computer Science. Skills: pandas, numpy, machine learning, git, sql, excel. Project: sales dashboard. Experienced in software development, testing, debugging and database handling. Interested in building reliable applications and working with development teams.","pandas, numpy, machine learning, git, sql, excel",1,B.Tech Computer Science,Selected,Data Analyst
R0220,"Akash Pujari is a Java Developer candidate with 1 years experience. Education: M.Sc Computer Science. Skills: git, javascript, mysql, sql, css, java. Project: resume screening system. Experienced in software development, testing, debugging and database handling. Interested in building reliable applications and working with development teams.","git, javascript, mysql, sql, css, java",1,M.Sc Computer Science,Selected,Java Developer
R0221,"Chetan Patil is a Web Developer candidate with 1 years experience. Education: MCA. Skills: mysql, react, html, css, javascript. Project: e commerce website. Experienced in software development, testing, debugging and database handling. Interested in building reliable applications and working with development teams.","mysql, react, html, css, javascript",1,MCA,Rejected,Web Developer
R0222,"Aditi Bhosale is a ML Engineer candidate with 1 years experience. Education: MCA. Skills: numpy, keras, machine learning, python, git, scikit-learn. Project: sales dashboard. Experienced in software development, testing, debugging and database handling. Interested in building reliable applications and working with development teams.","numpy, keras, machine learning, python, git, scikit-learn",1,MCA,Selected,ML Engineer
R0223,"Deepa Desai is a Web Developer candidate with 0 years experience. Education: B.Tech Computer Science. Skills: git, mysql, react, sql, html. Project: student management system. Experienced in software development, testing, debugging and database handling. Interested in building reliable applications and working with development teams.","git, mysql, react, sql, html",0,B.Tech Computer Science,Rejected,Web Developer
R0224,"Aarav Desai is a Data Analyst candidate with 0 years experience. Education: M.Sc Computer Science. Skills: numpy, machine learning, pandas, sql, python, excel, git. Project: resume screening system. Experienced in software development, testing, debugging and database handling. Interested in building reliable applications and working with development teams.","numpy, machine learning, pandas, sql, python, excel, git",0,M.Sc Computer Science,Selected,Data Analyst
R0225,"Karan Kulkarni is a Java Developer candidate with 3 years experience. Education: B.Tech Computer Science. Skills: sql, html, javascript, git, java, css, mysql. Project: inventory management application. Experienced in software development, testing, debugging and database handling. Interested in building reliable applications and working with development teams.","sql, html, javascript, git, java, css, mysql",3,B.Tech Computer Science,Selected,Java Developer
R0226,"Aditi Chavan is a Data Analyst candidate with 0 years experience. Education: BCA. Skills: sql, machine learning, excel, python, pandas. Project: sales dashboard. Experienced in software development, testing, debugging and database handling. Interested in building reliable applications and working with development teams.","sql, machine learning, excel, python, pandas",0,BCA,Rejected,Data Analyst
R0227,"Ananya Bhosale is a ML Engineer candidate with 0 years experience. Education: B.Tech Computer Science. Skills: keras, pandas, numpy, tensorflow, sql. Project: student management system. Experienced in software development, testing, debugging and database handling. Interested in building reliable applications and working with development teams.","keras, pandas, numpy, tensorflow, sql",0,B.Tech Computer Science,Rejected,ML Engineer
R0228,"Rahul Shinde is a Python Developer candidate with 0 years experience. Education: B.Tech Computer Science. Skills: pandas, git, numpy, sql, css, django, flask, html. Project: customer analytics project. Experienced in software development, testing, debugging and database handling. Interested in building reliable applications and working with development teams.","pandas, git, numpy, sql, css, django, flask, html",0,B.Tech Computer Science,Selected,Python Developer
R0229,"Rohan Jadhav is a Java Developer candidate with 1 years experience. Education: BCA. Skills: css, sql, javascript, java, git. Project: e commerce website. Experienced in software development, testing, debugging and database handling. Interested in building reliable applications and working with development teams.","css, sql, javascript, java, git",1,BCA,Rejected,Java Developer
R0230,"Manish Chavan is a Python Developer candidate with 1 years experience. Education: MCA. Skills: pandas, git, python, sql, html, css, numpy, django. Project: attendance management system. Experienced in software development, testing, debugging and database handling. Interested in building reliable applications and working with development teams.","pandas, git, python, sql, html, css, numpy, django",1,MCA,Selected,Python Developer
R0231,"Sonal Pawar is a ML Engineer candidate with 2 years experience. Education: MCA. Skills: sql, scikit-learn, git, keras, machine learning, python, pandas, numpy. Project: e commerce website. Experienced in software development, testing, debugging and database handling. Interested in building reliable applications and working with development teams.","sql, scikit-learn, git, keras, machine learning, python, pandas, numpy",2,MCA,Selected,ML Engineer
R0232,"Bhavna Salunkhe is a Data Analyst candidate with 1 years experience. Education: BCA. Skills: pandas, sql, numpy, machine learning, excel. Project: e commerce website. Experienced in software development, testing, debugging and database handling. Interested in building reliable applications and working with development teams.","pandas, sql, numpy, machine learning, excel",1,BCA,Rejected,Data Analyst
R0233,"Sneha Joshi is a ML Engineer candidate with 1 years experience. Education: MCA. Skills: machine learning, sql, numpy, python, keras, git. Project: e commerce website. Experienced in software development, testing, debugging and database handling. Interested in building reliable applications and working with development teams.","machine learning, sql, numpy, python, keras, git",1,MCA,Selected,ML Engineer
R0234,"Aarav Chavan is a Web Developer candidate with 1 years experience. Education: B.Sc Computer Science. Skills: react, javascript, css, git, mysql. Project: attendance management system. Experienced in software development, testing, debugging and database handling. Interested in building reliable applications and working with development teams.","react, javascript, css, git, mysql",1,B.Sc Computer Science,Rejected,Web Developer
R0235,"Chetan Jadhav is a ML Engineer candidate with 3 years experience. Education: B.Sc Computer Science. Skills: git, pandas, python, machine learning. Project: inventory management application. Experienced in software development, testing, debugging and database handling. Interested in building reliable applications and working with development teams.","git, pandas, python, machine learning",3,B.Sc Computer Science,Rejected,ML Engineer
R0236,"Riya Jadhav is a Java Developer candidate with 2 years experience. Education: B.Tech Computer Science. Skills: java, mysql, javascript, git, css. Project: customer analytics project. Experienced in software development, testing, debugging and database handling. Interested in building reliable applications and working with development teams.","java, mysql, javascript, git, css",2,B.Tech Computer Science,Rejected,Java Developer
R0237,"Pooja Chavan is a Full Stack Developer candidate with 0 years experience. Education: MCA. Skills: flask, sql, react, javascript, css. Project: attendance management system. Experienced in software development, testing, debugging and database handling. Interested in building reliable applications and working with development teams.","flask, sql, react, javascript, css",0,MCA,Rejected,Full Stack Developer
R0238,"Kavya Shinde is a Web Developer candidate with 1 years experience. Education: MCA. Skills: git, mysql, html, react, sql. Project: student management system. Experienced in software development, testing, debugging and database handling. Interested in building reliable applications and working with development teams.","git, mysql, html, react, sql",1,MCA,Rejected,Web Developer
R0239,"Aniket Salunkhe is a ML Engineer candidate with 0 years experience. Education: MCA. Skills: numpy, tensorflow, git, sql, keras, scikit-learn, pandas, python, machine learning. Project: resume screening system. Experienced in software development, testing, debugging and database handling. Interested in building reliable applications and working with development teams.","numpy, tensorflow, git, sql, keras, scikit-learn, pandas, python, machine learning",0,MCA,Selected,ML Engineer
R0240,"Rohan Pujari is a Python Developer candidate with 0 years experience. Education: MCA. Skills: django, python, css, sql, numpy. Project: e commerce website. Experienced in software development, testing, debugging and database handling. Interested in building reliable applications and working with development teams.","django, python, css, sql, numpy",0,MCA,Rejected,Python Developer
R0241,"Varun Joshi is a ML Engineer candidate with 1 years experience. Education: MCA. Skills: keras, git, scikit-learn, machine learning, sql, python, pandas. Project: sales dashboard. Experienced in software development, testing, debugging and database handling. Interested in building reliable applications and working with development teams.","keras, git, scikit-learn, machine learning, sql, python, pandas",1,MCA,Selected,ML Engineer
R0242,"Chetan Sawant is a ML Engineer candidate with 1 years experience. Education: M.Sc Computer Science. Skills: git, pandas, machine learning, keras, numpy, python. Project: inventory management application. Experienced in software development, testing, debugging and database handling. Interested in building reliable applications and working with development teams.","git, pandas, machine learning, keras, numpy, python",1,M.Sc Computer Science,Selected,ML Engineer
R0243,"Ananya Kamble is a Data Analyst candidate with 0 years experience. Education: MCA. Skills: pandas, git, numpy, excel, sql, python, machine learning. Project: attendance management system. Experienced in software development, testing, debugging and database handling. Interested in building reliable applications and working with development teams.","pandas, git, numpy, excel, sql, python, machine learning",0,MCA,Selected,Data Analyst
R0244,"Kavya Mane is a Web Developer candidate with 3 years experience. Education: M.Sc Computer Science. Skills: react, sql, css, git. Project: resume screening system. Experienced in software development, testing, debugging and database handling. Interested in building reliable applications and working with development teams.","react, sql, css, git",3,M.Sc Computer Science,Rejected,Web Developer
R0245,"Bhavna Jadhav is a Data Analyst candidate with 0 years experience. Education: B.Tech Computer Science. Skills: excel, sql, numpy, git, python. Project: machine learning prediction project. Experienced in software development, testing, debugging and database handling. Interested in building reliable applications and working with development teams.","excel, sql, numpy, git, python",0,B.Tech Computer Science,Rejected,Data Analyst
R0246,"Isha Sawant is a Python Developer candidate with 1 years experience. Education: BCA. Skills: numpy, sql, css, django, flask, git, python, mysql. Project: resume screening system. Experienced in software development, testing, debugging and database handling. Interested in building reliable applications and working with development teams.","numpy, sql, css, django, flask, git, python, mysql",1,BCA,Selected,Python Developer
R0247,"Sneha Desai is a Java Developer candidate with 3 years experience. Education: M.Sc Computer Science. Skills: html, java, sql, git, css, javascript, mysql. Project: inventory management application. Experienced in software development, testing, debugging and database handling. Interested in building reliable applications and working with development teams.","html, java, sql, git, css, javascript, mysql",3,M.Sc Computer Science,Selected,Java Developer
R0248,"Isha Desai is a Web Developer candidate with 2 years experience. Education: B.Sc Computer Science. Skills: react, css, mysql, git. Project: student management system. Experienced in software development, testing, debugging and database handling. Interested in building reliable applications and working with development teams.","react, css, mysql, git",2,B.Sc Computer Science,Rejected,Web Developer
R0249,"Sonal Bhosale is a Python Developer candidate with 1 years experience. Education: B.Tech Computer Science. Skills: git, python, css, mysql, numpy, sql, django, flask, pandas, html. Project: student management system. Experienced in software development, testing, debugging and database handling. Interested in building reliable applications and working with development teams.","git, python, css, mysql, numpy, sql, django, flask, pandas, html",1,B.Tech Computer Science,Selected,Python Developer
R0250,"Akash Desai is a Full Stack Developer candidate with 3 years experience. Education: B.Tech Computer Science. Skills: react, python, git, html, flask. Project: inventory management application. Experienced in software development, testing, debugging and database handling. Interested in building reliable applications and working with development teams.","react, python, git, html, flask",3,B.Tech Computer Science,Rejected,Full Stack Developer
R0251,"Vivek Pujari is a ML Engineer candidate with 1 years experience. Education: BCA. Skills: machine learning, scikit-learn, numpy, pandas. Project: student management system. Experienced in software development, testing, debugging and database handling. Interested in building reliable applications and working with development teams.","machine learning, scikit-learn, numpy, pandas",1,BCA,Rejected,ML Engineer
R0252,"Gaurav Thakur is a Python Developer candidate with 0 years experience. Education: BCA. Skills: html, sql, pandas, css, mysql, python, numpy, git. Project: sales dashboard. Experienced in software development, testing, debugging and database handling. Interested in building reliable applications and working with development teams.","html, sql, pandas, css, mysql, python, numpy, git",0,BCA,Selected,Python Developer
R0253,"Aditi Pawar is a Python Developer candidate with 0 years experience. Education: B.Sc Computer Science. Skills: pandas, django, mysql, sql, git, numpy. Project: customer analytics project. Experienced in software development, testing, debugging and database handling. Interested in building reliable applications and working with development teams.","pandas, django, mysql, sql, git, numpy",0,B.Sc Computer Science,Rejected,Python Developer
R0254,"Nikhil Kamble is a Python Developer candidate with 1 years experience. Education: M.Sc Computer Science. Skills: css, git, html, django, sql, numpy. Project: sales dashboard. Experienced in software development, testing, debugging and database handling. Interested in building reliable applications and working with development teams.","css, git, html, django, sql, numpy",1,M.Sc Computer Science,Selected,Python Developer
R0255,"Vivek Kadam is a Python Developer candidate with 1 years experience. Education: B.Tech Computer Science. Skills: flask, python, css, html, git, pandas, mysql, numpy, django, sql. Project: inventory management application. Experienced in software development, testing, debugging and database handling. Interested in building reliable applications and working with development teams.","flask, python, css, html, git, pandas, mysql, numpy, django, sql",1,B.Tech Computer Science,Selected,Python Developer
R0256,"Sonal Sawant is a ML Engineer candidate with 0 years experience. Education: M.Sc Computer Science. Skills: numpy, scikit-learn, sql, keras. Project: student management system. Experienced in software development, testing, debugging and database handling. Interested in building reliable applications and working with development teams.","numpy, scikit-learn, sql, keras",0,M.Sc Computer Science,Rejected,ML Engineer
R0257,"Priya Joshi is a Python Developer candidate with 3 years experience. Education: B.Tech Computer Science. Skills: mysql, pandas, sql, flask, python, git, html, django, css, numpy. Project: e commerce website. Experienced in software development, testing, debugging and database handling. Interested in building reliable applications and working with development teams.","mysql, pandas, sql, flask, python, git, html, django, css, numpy",3,B.Tech Computer Science,Selected,Python Developer
R0258,"Manish Salunkhe is a ML Engineer candidate with 0 years experience. Education: MCA. Skills: python, git, sql, pandas, keras, tensorflow, numpy. Project: sales dashboard. Experienced in software development, testing, debugging and database handling. Interested in building reliable applications and working with development teams.","python, git, sql, pandas, keras, tensorflow, numpy",0,MCA,Selected,ML Engineer
R0259,"Sonal Deshmukh is a Full Stack Developer candidate with 3 years experience. Education: B.Sc Computer Science. Skills: react, git, javascript, mysql. Project: student management system. Experienced in software development, testing, debugging and database handling. Interested in building reliable applications and working with development teams.","react, git, javascript, mysql",3,B.Sc Computer Science,Rejected,Full Stack Developer
R0260,"Kavya Pujari is a Data Analyst candidate with 0 years experience. Education: MCA. Skills: sql, machine learning, python, excel. Project: machine learning prediction project. Experienced in software development, testing, debugging and database handling. Interested in building reliable applications and working with development teams.","sql, machine learning, python, excel",0,MCA,Rejected,Data Analyst
R0261,"Ananya Jadhav is a Python Developer candidate with 0 years experience. Education: M.Sc Computer Science. Skills: numpy, pandas, django, git, mysql, python. Project: attendance management system. Experienced in software development, testing, debugging and database handling. Interested in building reliable applications and working with development teams.","numpy, pandas, django, git, mysql, python",0,M.Sc Computer Science,Rejected,Python Developer
R0262,"Nikhil Jadhav is a Web Developer candidate with 2 years experience. Education: B.Sc Computer Science. Skills: mysql, css, html, git, sql, react, javascript. Project: machine learning prediction project. Experienced in software development, testing, debugging and database handling. Interested in building reliable applications and working with development teams.","mysql, css, html, git, sql, react, javascript",2,B.Sc Computer Science,Selected,Web Developer
R0263,"Bhavna Desai is a Web Developer candidate with 0 years experience. Education: BCA. Skills: css, sql, git, javascript, html. Project: attendance management system. Experienced in software development, testing, debugging and database handling. Interested in building reliable applications and working with development teams.","css, sql, git, javascript, html",0,BCA,Rejected,Web Developer
R0264,"Vivek More is a Web Developer candidate with 0 years experience. Education: BCA. Skills: javascript, git, css, html, sql. Project: customer analytics project. Experienced in software development, testing, debugging and database handling. Interested in building reliable applications and working with development teams.","javascript, git, css, html, sql",0,BCA,Rejected,Web Developer
R0265,"Varun Desai is a ML Engineer candidate with 2 years experience. Education: M.Sc Computer Science. Skills: sql, numpy, python, keras, machine learning, pandas, git, scikit-learn, tensorflow. Project: machine learning prediction project. Experienced in software development, testing, debugging and database handling. Interested in building reliable applications and working with development teams.","sql, numpy, python, keras, machine learning, pandas, git, scikit-learn, tensorflow",2,M.Sc Computer Science,Selected,ML Engineer
R0266,"Varun Jadhav is a Python Developer candidate with 3 years experience. Education: BCA. Skills: pandas, sql, python, mysql, django, css, flask, git, numpy. Project: machine learning prediction project. Experienced in software development, testing, debugging and database handling. Interested in building reliable applications and working with development teams.","pandas, sql, python, mysql, django, css, flask, git, numpy",3,BCA,Selected,Python Developer
R0267,"Komal Salunkhe is a Java Developer candidate with 2 years experience. Education: B.Tech Computer Science. Skills: javascript, sql, css, mysql, git, java, html. Project: inventory management application. Experienced in software development, testing, debugging and database handling. Interested in building reliable applications and working with development teams.","javascript, sql, css, mysql, git, java, html",2,B.Tech Computer Science,Selected,Java Developer
R0268,"Vivek Jadhav is a Full Stack Developer candidate with 2 years experience. Education: BCA. Skills: sql, flask, python, mysql. Project: machine learning prediction project. Experienced in software development, testing, debugging and database handling. Interested in building reliable applications and working with development teams.","sql, flask, python, mysql",2,BCA,Rejected,Full Stack Developer
R0269,"Nikhil Pawar is a Java Developer candidate with 1 years experience. Education: B.Tech Computer Science. Skills: mysql, git, javascript, css, html, java. Project: e commerce website. Experienced in software development, testing, debugging and database handling. Interested in building reliable applications and working with development teams.","mysql, git, javascript, css, html, java",1,B.Tech Computer Science,Selected,Java Developer
R0270,"Isha Naik is a Data Analyst candidate with 0 years experience. Education: M.Sc Computer Science. Skills: excel, git, pandas, numpy. Project: sales dashboard. Experienced in software development, testing, debugging and database handling. Interested in building reliable applications and working with development teams.","excel, git, pandas, numpy",0,M.Sc Computer Science,Rejected,Data Analyst
R0271,"Nikhil Kamble is a Web Developer candidate with 0 years experience. Education: B.Tech Computer Science. Skills: sql, html, react, mysql. Project: attendance management system. Experienced in software development, testing, debugging and database handling. Interested in building reliable applications and working with development teams.","sql, html, react, mysql",0,B.Tech Computer Science,Rejected,Web Developer
R0272,"Akash Thakur is a Java Developer candidate with 2 years experience. Education: M.Sc Computer Science. Skills: java, mysql, git, javascript, html. Project: resume screening system. Experienced in software development, testing, debugging and database handling. Interested in building reliable applications and working with development teams.","java, mysql, git, javascript, html",2,M.Sc Computer Science,Rejected,Java Developer
R0273,"Vivek Gaikwad is a Data Analyst candidate with 0 years experience. Education: M.Sc Computer Science. Skills: numpy, machine learning, python, excel, git. Project: customer analytics project. Experienced in software development, testing, debugging and database handling. Interested in building reliable applications and working with development teams.","numpy, machine learning, python, excel, git",0,M.Sc Computer Science,Rejected,Data Analyst
R0274,"Gaurav Deshmukh is a Full Stack Developer candidate with 1 years experience. Education: M.Sc Computer Science. Skills: python, css, react, html. Project: resume screening system. Experienced in software development, testing, debugging and database handling. Interested in building reliable applications and working with development teams.","python, css, react, html",1,M.Sc Computer Science,Rejected,Full Stack Developer
R0275,"Riya Sawant is a Full Stack Developer candidate with 0 years experience. Education: B.Tech Computer Science. Skills: python, mysql, css, html, git, react. Project: inventory management application. Experienced in software development, testing, debugging and database handling. Interested in building reliable applications and working with development teams.","python, mysql, css, html, git, react",0,B.Tech Computer Science,Rejected,Full Stack Developer
R0276,"Ananya Patil is a Python Developer candidate with 0 years experience. Education: BCA. Skills: sql, css, numpy, django, html, flask, python. Project: inventory management application. Experienced in software development, testing, debugging and database handling. Interested in building reliable applications and working with development teams.","sql, css, numpy, django, html, flask, python",0,BCA,Selected,Python Developer
R0277,"Kavya Joshi is a Data Analyst candidate with 2 years experience. Education: BCA. Skills: python, sql, git, excel, numpy. Project: inventory management application. Experienced in software development, testing, debugging and database handling. Interested in building reliable applications and working with development teams.","python, sql, git, excel, numpy",2,BCA,Rejected,Data Analyst
R0278,"Varun Pujari is a Java Developer candidate with 1 years experience. Education: BCA. Skills: java, git, html, sql. Project: student management system. Experienced in software development, testing, debugging and database handling. Interested in building reliable applications and working with development teams.","java, git, html, sql",1,BCA,Rejected,Java Developer
R0279,"Sonal More is a Full Stack Developer candidate with 0 years experience. Education: M.Sc Computer Science. Skills: react, javascript, mysql, python, html, sql. Project: sales dashboard. Experienced in software development, testing, debugging and database handling. Interested in building reliable applications and working with development teams.","react, javascript, mysql, python, html, sql",0,M.Sc Computer Science,Rejected,Full Stack Developer
R0280,"Meera Kadam is a Full Stack Developer candidate with 2 years experience. Education: B.Sc Computer Science. Skills: css, python, mysql, react. Project: attendance management system. Experienced in software development, testing, debugging and database handling. Interested in building reliable applications and working with development teams.","css, python, mysql, react",2,B.Sc Computer Science,Rejected,Full Stack Developer
R0281,"Chetan Kulkarni is a Python Developer candidate with 3 years experience. Education: BCA. Skills: html, flask, numpy, mysql, django, css, sql, python, git, pandas. Project: attendance management system. Experienced in software development, testing, debugging and database handling. Interested in building reliable applications and working with development teams.","html, flask, numpy, mysql, django, css, sql, python, git, pandas",3,BCA,Selected,Python Developer
R0282,"Gaurav Salunkhe is a Java Developer candidate with 1 years experience. Education: M.Sc Computer Science. Skills: javascript, mysql, html, css, git, sql, java. Project: attendance management system. Experienced in software development, testing, debugging and database handling. Interested in building reliable applications and working with development teams.","javascript, mysql, html, css, git, sql, java",1,M.Sc Computer Science,Selected,Java Developer
R0283,"Yash Sawant is a Full Stack Developer candidate with 2 years experience. Education: B.Tech Computer Science. Skills: flask, python, css, sql, git. Project: customer analytics project. Experienced in software development, testing, debugging and database handling. Interested in building reliable applications and working with development teams.","flask, python, css, sql, git",2,B.Tech Computer Science,Rejected,Full Stack Developer
R0284,"Isha Mane is a Data Analyst candidate with 0 years experience. Education: B.Sc Computer Science. Skills: excel, python, machine learning, pandas. Project: attendance management system. Experienced in software development, testing, debugging and database handling. Interested in building reliable applications and working with development teams.","excel, python, machine learning, pandas",0,B.Sc Computer Science,Rejected,Data Analyst
R0285,"Neha Pujari is a Java Developer candidate with 0 years experience. Education: MCA. Skills: mysql, sql, css, html, javascript. Project: e commerce website. Experienced in software development, testing, debugging and database handling. Interested in building reliable applications and working with development teams.","mysql, sql, css, html, javascript",0,MCA,Rejected,Java Developer
R0286,"Karan Desai is a Java Developer candidate with 1 years experience. Education: BCA. Skills: mysql, java, git, javascript, sql, html. Project: machine learning prediction project. Experienced in software development, testing, debugging and database handling. Interested in building reliable applications and working with development teams.","mysql, java, git, javascript, sql, html",1,BCA,Selected,Java Developer
R0287,"Ananya Kulkarni is a Data Analyst candidate with 1 years experience. Education: B.Tech Computer Science. Skills: python, pandas, numpy, git. Project: student management system. Experienced in software development, testing, debugging and database handling. Interested in building reliable applications and working with development teams.","python, pandas, numpy, git",1,B.Tech Computer Science,Rejected,Data Analyst
R0288,"Priya Pawar is a Java Developer candidate with 2 years experience. Education: M.Sc Computer Science. Skills: css, javascript, mysql, html. Project: e commerce website. Experienced in software development, testing, debugging and database handling. Interested in building reliable applications and working with development teams.","css, javascript, mysql, html",2,M.Sc Computer Science,Rejected,Java Developer
R0289,"Pooja Bhosale is a ML Engineer candidate with 2 years experience. Education: MCA. Skills: machine learning, tensorflow, numpy, scikit-learn, pandas. Project: inventory management application. Experienced in software development, testing, debugging and database handling. Interested in building reliable applications and working with development teams.","machine learning, tensorflow, numpy, scikit-learn, pandas",2,MCA,Rejected,ML Engineer
R0290,"Meera Pujari is a Full Stack Developer candidate with 1 years experience. Education: BCA. Skills: css, python, html, mysql. Project: machine learning prediction project. Experienced in software development, testing, debugging and database handling. Interested in building reliable applications and working with development teams.","css, python, html, mysql",1,BCA,Rejected,Full Stack Developer
R0291,"Tanvi Pujari is a Data Analyst candidate with 0 years experience. Education: BCA. Skills: numpy, machine learning, pandas, sql. Project: resume screening system. Experienced in software development, testing, debugging and database handling. Interested in building reliable applications and working with development teams.","numpy, machine learning, pandas, sql",0,BCA,Rejected,Data Analyst
R0292,"Rahul Deshmukh is a Full Stack Developer candidate with 1 years experience. Education: B.Tech Computer Science. Skills: sql, git, html, flask, javascript. Project: e commerce website. Experienced in software development, testing, debugging and database handling. Interested in building reliable applications and working with development teams.","sql, git, html, flask, javascript",1,B.Tech Computer Science,Rejected,Full Stack Developer
R0293,"Karan Mane is a ML Engineer candidate with 3 years experience. Education: MCA. Skills: git, tensorflow, keras, machine learning, pandas, numpy, python. Project: machine learning prediction project. Experienced in software development, testing, debugging and database handling. Interested in building reliable applications and working with development teams.","git, tensorflow, keras, machine learning, pandas, numpy, python",3,MCA,Selected,ML Engineer
R0294,"Manish Shinde is a Python Developer candidate with 2 years experience. Education: M.Sc Computer Science. Skills: sql, mysql, numpy, git, pandas, python, flask, html, css, django. Project: e commerce website. Experienced in software development, testing, debugging and database handling. Interested in building reliable applications and working with development teams.","sql, mysql, numpy, git, pandas, python, flask, html, css, django",2,M.Sc Computer Science,Selected,Python Developer
R0295,"Rahul Thakur is a Python Developer candidate with 1 years experience. Education: BCA. Skills: html, pandas, git, python, numpy, django, flask, sql. Project: attendance management system. Experienced in software development, testing, debugging and database handling. Interested in building reliable applications and working with development teams.","html, pandas, git, python, numpy, django, flask, sql",1,BCA,Selected,Python Developer
R0296,"Rohan Joshi is a ML Engineer candidate with 1 years experience. Education: M.Sc Computer Science. Skills: tensorflow, git, sql, pandas, keras, numpy, python, machine learning. Project: student management system. Experienced in software development, testing, debugging and database handling. Interested in building reliable applications and working with development teams.","tensorflow, git, sql, pandas, keras, numpy, python, machine learning",1,M.Sc Computer Science,Selected,ML Engineer
R0297,"Riya Patil is a Full Stack Developer candidate with 0 years experience. Education: MCA. Skills: css, flask, python, javascript, html, sql, react. Project: student management system. Experienced in software development, testing, debugging and database handling. Interested in building reliable applications and working with development teams.","css, flask, python, javascript, html, sql, react",0,MCA,Selected,Full Stack Developer
R0298,"Ananya More is a ML Engineer candidate with 0 years experience. Education: MCA. Skills: tensorflow, numpy, python, scikit-learn, pandas, keras, machine learning. Project: attendance management system. Experienced in software development, testing, debugging and database handling. Interested in building reliable applications and working with development teams.","tensorflow, numpy, python, scikit-learn, pandas, keras, machine learning",0,MCA,Selected,ML Engineer
R0299,"Riya Bhosale is a Full Stack Developer candidate with 0 years experience. Education: M.Sc Computer Science. Skills: react, sql, html, mysql, css, flask, python, javascript, git. Project: machine learning prediction project. Experienced in software development, testing, debugging and database handling. Interested in building reliable applications and working with development teams.","react, sql, html, mysql, css, flask, python, javascript, git",0,M.Sc Computer Science,Selected,Full Stack Developer
R0300,"Karan Thakur is a Data Analyst candidate with 1 years experience. Education: B.Sc Computer Science. Skills: pandas, git, excel, sql, python. Project: machine learning prediction project. Experienced in software development, testing, debugging and database handling. Interested in building reliable applications and working with development teams.","pandas, git, excel, sql, python",1,B.Sc Computer Science,Rejected,Data Analyst
R0301,"Deepa Chavan is a Web Developer candidate with 0 years experience. Education: B.Tech Computer Science. Skills: javascript, mysql, sql, git, html, css, react. Project: e commerce website. Experienced in software development, testing, debugging and database handling. Interested in building reliable applications and working with development teams.","javascript, mysql, sql, git, html, css, react",0,B.Tech Computer Science,Selected,Web Developer
R0302,"Neha More is a ML Engineer candidate with 0 years experience. Education: BCA. Skills: keras, scikit-learn, sql, tensorflow, git, python, machine learning, pandas. Project: customer analytics project. Experienced in software development, testing, debugging and database handling. Interested in building reliable applications and working with development teams.","keras, scikit-learn, sql, tensorflow, git, python, machine learning, pandas",0,BCA,Selected,ML Engineer
R0303,"Pallavi Salunkhe is a Java Developer candidate with 0 years experience. Education: BCA. Skills: mysql, css, git, sql, html, java, javascript. Project: attendance management system. Experienced in software development, testing, debugging and database handling. Interested in building reliable applications and working with development teams.","mysql, css, git, sql, html, java, javascript",0,BCA,Selected,Java Developer
R0304,"Karan Jadhav is a Python Developer candidate with 0 years experience. Education: MCA. Skills: git, flask, html, python, numpy, django, css, sql, pandas. Project: attendance management system. Experienced in software development, testing, debugging and database handling. Interested in building reliable applications and working with development teams.","git, flask, html, python, numpy, django, css, sql, pandas",0,MCA,Selected,Python Developer
R0305,"Rahul Patil is a Web Developer candidate with 0 years experience. Education: BCA. Skills: sql, css, html, mysql, react. Project: attendance management system. Experienced in software development, testing, debugging and database handling. Interested in building reliable applications and working with development teams.","sql, css, html, mysql, react",0,BCA,Rejected,Web Developer
R0306,"Komal Shinde is a Python Developer candidate with 0 years experience. Education: MCA. Skills: git, mysql, html, django, pandas, css, sql. Project: machine learning prediction project. Experienced in software development, testing, debugging and database handling. Interested in building reliable applications and working with development teams.","git, mysql, html, django, pandas, css, sql",0,MCA,Selected,Python Developer
R0307,"Gaurav Bhosale is a Data Analyst candidate with 0 years experience. Education: BCA. Skills: sql, excel, pandas, python, numpy, machine learning, git. Project: e commerce website. Experienced in software development, testing, debugging and database handling. Interested in building reliable applications and working with development teams.","sql, excel, pandas, python, numpy, machine learning, git",0,BCA,Selected,Data Analyst
R0308,"Nikhil Chavan is a Python Developer candidate with 0 years experience. Education: BCA. Skills: pandas, mysql, html, python, css, flask. Project: resume screening system. Experienced in software development, testing, debugging and database handling. Interested in building reliable applications and working with development teams.","pandas, mysql, html, python, css, flask",0,BCA,Rejected,Python Developer
R0309,"Gaurav Salunkhe is a Data Analyst candidate with 0 years experience. Education: BCA. Skills: numpy, git, excel, pandas, python, sql. Project: inventory management application. Experienced in software development, testing, debugging and database handling. Interested in building reliable applications and working with development teams.","numpy, git, excel, pandas, python, sql",0,BCA,Rejected,Data Analyst
R0310,"Sneha Bhosale is a Java Developer candidate with 0 years experience. Education: BCA. Skills: java, javascript, git, sql. Project: inventory management application. Experienced in software development, testing, debugging and database handling. Interested in building reliable applications and working with development teams.","java, javascript, git, sql",0,BCA,Rejected,Java Developer
R0311,"Vivek Gaikwad is a Java Developer candidate with 0 years experience. Education: B.Sc Computer Science. Skills: javascript, git, css, mysql, html, sql, java. Project: inventory management application. Experienced in software development, testing, debugging and database handling. Interested in building reliable applications and working with development teams.","javascript, git, css, mysql, html, sql, java",0,B.Sc Computer Science,Selected,Java Developer
R0312,"Deepa Pawar is a Python Developer candidate with 1 years experience. Education: BCA. Skills: numpy, html, mysql, python, pandas, sql, django, git, flask. Project: inventory management application. Experienced in software development, testing, debugging and database handling. Interested in building reliable applications and working with development teams.","numpy, html, mysql, python, pandas, sql, django, git, flask",1,BCA,Selected,Python Developer
R0313,"Aarav Mane is a Data Analyst candidate with 0 years experience. Education: BCA. Skills: excel, sql, git, numpy. Project: attendance management system. Experienced in software development, testing, debugging and database handling. Interested in building reliable applications and working with development teams.","excel, sql, git, numpy",0,BCA,Rejected,Data Analyst
R0314,"Kavya Sawant is a ML Engineer candidate with 0 years experience. Education: M.Sc Computer Science. Skills: git, keras, numpy, machine learning, sql, scikit-learn. Project: e commerce website. Experienced in software development, testing, debugging and database handling. Interested in building reliable applications and working with development teams.","git, keras, numpy, machine learning, sql, scikit-learn",0,M.Sc Computer Science,Rejected,ML Engineer
R0315,"Ananya Kulkarni is a Data Analyst candidate with 0 years experience. Education: M.Sc Computer Science. Skills: pandas, git, sql, numpy. Project: machine learning prediction project. Experienced in software development, testing, debugging and database handling. Interested in building reliable applications and working with development teams.","pandas, git, sql, numpy",0,M.Sc Computer Science,Rejected,Data Analyst
R0316,"Aditi Jadhav is a Full Stack Developer candidate with 0 years experience. Education: B.Tech Computer Science. Skills: mysql, sql, react, javascript, git, css. Project: attendance management system. Experienced in software development, testing, debugging and database handling. Interested in building reliable applications and working with development teams.","mysql, sql, react, javascript, git, css",0,B.Tech Computer Science,Rejected,Full Stack Developer
R0317,"Vivek Thakur is a Java Developer candidate with 0 years experience. Education: B.Sc Computer Science. Skills: javascript, java, sql, mysql, git, css, html. Project: resume screening system. Experienced in software development, testing, debugging and database handling. Interested in building reliable applications and working with development teams.","javascript, java, sql, mysql, git, css, html",0,B.Sc Computer Science,Selected,Java Developer
R0318,"Vivek Jadhav is a Full Stack Developer candidate with 0 years experience. Education: B.Tech Computer Science. Skills: mysql, python, css, javascript, react. Project: resume screening system. Experienced in software development, testing, debugging and database handling. Interested in building reliable applications and working with development teams.","mysql, python, css, javascript, react",0,B.Tech Computer Science,Rejected,Full Stack Developer
R0319,"Pallavi Naik is a Full Stack Developer candidate with 3 years experience. Education: B.Sc Computer Science. Skills: html, mysql, python, javascript, flask, css, sql, react, git. Project: machine learning prediction project. Experienced in software development, testing, debugging and database handling. Interested in building reliable applications and working with development teams.","html, mysql, python, javascript, flask, css, sql, react, git",3,B.Sc Computer Science,Selected,Full Stack Developer
R0320,"Nikhil Bhosale is a Web Developer candidate with 0 years experience. Education: B.Tech Computer Science. Skills: react, html, css, git, sql, mysql, javascript. Project: customer analytics project. Experienced in software development, testing, debugging and database handling. Interested in building reliable applications and working with development teams.","react, html, css, git, sql, mysql, javascript",0,B.Tech Computer Science,Selected,Web Developer
R0321,"Deepa Naik is a Data Analyst candidate with 0 years experience. Education: MCA. Skills: excel, python, git, numpy. Project: student management system. Experienced in software development, testing, debugging and database handling. Interested in building reliable applications and working with development teams.","excel, python, git, numpy",0,MCA,Rejected,Data Analyst
R0322,"Yash Pawar is a Java Developer candidate with 0 years experience. Education: MCA. Skills: sql, css, java, javascript, html. Project: resume screening system. Experienced in software development, testing, debugging and database handling. Interested in building reliable applications and working with development teams.","sql, css, java, javascript, html",0,MCA,Rejected,Java Developer
R0323,"Rahul Joshi is a Web Developer candidate with 2 years experience. Education: MCA. Skills: react, javascript, git, html, mysql, css. Project: sales dashboard. Experienced in software development, testing, debugging and database handling. Interested in building reliable applications and working with development teams.","react, javascript, git, html, mysql, css",2,MCA,Selected,Web Developer
R0324,"Isha Patil is a Data Analyst candidate with 0 years experience. Education: BCA. Skills: python, excel, pandas, numpy, sql, git. Project: customer analytics project. Experienced in software development, testing, debugging and database handling. Interested in building reliable applications and working with development teams.","python, excel, pandas, numpy, sql, git",0,BCA,Rejected,Data Analyst
R0325,"Rahul Chavan is a Data Analyst candidate with 1 years experience. Education: B.Sc Computer Science. Skills: excel, sql, pandas, numpy. Project: machine learning prediction project. Experienced in software development, testing, debugging and database handling. Interested in building reliable applications and working with development teams.","excel, sql, pandas, numpy",1,B.Sc Computer Science,Rejected,Data Analyst
R0326,"Riya Kulkarni is a Full Stack Developer candidate with 1 years experience. Education: MCA. Skills: html, flask, sql, mysql. Project: machine learning prediction project. Experienced in software development, testing, debugging and database handling. Interested in building reliable applications and working with development teams.","html, flask, sql, mysql",1,MCA,Rejected,Full Stack Developer
R0327,"Ananya Kulkarni is a Full Stack Developer candidate with 1 years experience. Education: B.Tech Computer Science. Skills: python, flask, git, css, react, html, mysql. Project: student management system. Experienced in software development, testing, debugging and database handling. Interested in building reliable applications and working with development teams.","python, flask, git, css, react, html, mysql",1,B.Tech Computer Science,Selected,Full Stack Developer
R0328,"Deepa Gaikwad is a Java Developer candidate with 0 years experience. Education: MCA. Skills: mysql, javascript, html, java, git. Project: student management system. Experienced in software development, testing, debugging and database handling. Interested in building reliable applications and working with development teams.","mysql, javascript, html, java, git",0,MCA,Rejected,Java Developer
R0329,"Tanvi Kulkarni is a Python Developer candidate with 2 years experience. Education: B.Sc Computer Science. Skills: mysql, flask, pandas, numpy, django, git, sql, python, css. Project: student management system. Experienced in software development, testing, debugging and database handling. Interested in building reliable applications and working with development teams.","mysql, flask, pandas, numpy, django, git, sql, python, css",2,B.Sc Computer Science,Selected,Python Developer
R0330,"Deepa Kadam is a Full Stack Developer candidate with 0 years experience. Education: B.Tech Computer Science. Skills: javascript, react, css, html, python. Project: attendance management system. Experienced in software development, testing, debugging and database handling. Interested in building reliable applications and working with development teams.","javascript, react, css, html, python",0,B.Tech Computer Science,Rejected,Full Stack Developer
R0331,"Sakshi Jadhav is a Full Stack Developer candidate with 2 years experience. Education: B.Tech Computer Science. Skills: css, flask, sql, mysql, python, javascript. Project: student management system. Experienced in software development, testing, debugging and database handling. Interested in building reliable applications and working with development teams.","css, flask, sql, mysql, python, javascript",2,B.Tech Computer Science,Selected,Full Stack Developer
R0332,"Karan Joshi is a Java Developer candidate with 3 years experience. Education: MCA. Skills: sql, git, java, mysql, javascript, html. Project: e commerce website. Experienced in software development, testing, debugging and database handling. Interested in building reliable applications and working with development teams.","sql, git, java, mysql, javascript, html",3,MCA,Selected,Java Developer
R0333,"Vivek Thakur is a Web Developer candidate with 1 years experience. Education: B.Tech Computer Science. Skills: css, mysql, git, sql, react. Project: customer analytics project. Experienced in software development, testing, debugging and database handling. Interested in building reliable applications and working with development teams.","css, mysql, git, sql, react",1,B.Tech Computer Science,Rejected,Web Developer
R0334,"Isha Desai is a Python Developer candidate with 3 years experience. Education: M.Sc Computer Science. Skills: django, css, html, flask, numpy. Project: resume screening system. Experienced in software development, testing, debugging and database handling. Interested in building reliable applications and working with development teams.","django, css, html, flask, numpy",3,M.Sc Computer Science,Rejected,Python Developer
R0335,"Aarav Kamble is a ML Engineer candidate with 0 years experience. Education: M.Sc Computer Science. Skills: scikit-learn, python, numpy, git, keras, pandas, sql, machine learning, tensorflow. Project: customer analytics project. Experienced in software development, testing, debugging and database handling. Interested in building reliable applications and working with development teams.","scikit-learn, python, numpy, git, keras, pandas, sql, machine learning, tensorflow",0,M.Sc Computer Science,Selected,ML Engineer
R0336,"Rahul More is a Data Analyst candidate with 0 years experience. Education: B.Sc Computer Science. Skills: sql, excel, python, numpy, pandas, git. Project: resume screening system. Experienced in software development, testing, debugging and database handling. Interested in building reliable applications and working with development teams.","sql, excel, python, numpy, pandas, git",0,B.Sc Computer Science,Rejected,Data Analyst
R0337,"Neha Salunkhe is a Java Developer candidate with 0 years experience. Education: BCA. Skills: java, html, mysql, css, git, javascript. Project: customer analytics project. Experienced in software development, testing, debugging and database handling. Interested in building reliable applications and working with development teams.","java, html, mysql, css, git, javascript",0,BCA,Rejected,Java Developer
R0338,"Riya Salunkhe is a Web Developer candidate with 1 years experience. Education: M.Sc Computer Science. Skills: react, javascript, git, html, css. Project: sales dashboard. Experienced in software development, testing, debugging and database handling. Interested in building reliable applications and working with development teams.","react, javascript, git, html, css",1,M.Sc Computer Science,Rejected,Web Developer
R0339,"Gaurav Deshmukh is a ML Engineer candidate with 1 years experience. Education: B.Tech Computer Science. Skills: machine learning, python, keras, numpy, sql, tensorflow, pandas, git. Project: machine learning prediction project. Experienced in software development, testing, debugging and database handling. Interested in building reliable applications and working with development teams.","machine learning, python, keras, numpy, sql, tensorflow, pandas, git",1,B.Tech Computer Science,Selected,ML Engineer
R0340,"Vivek Gaikwad is a Java Developer candidate with 0 years experience. Education: BCA. Skills: javascript, html, sql, mysql. Project: sales dashboard. Experienced in software development, testing, debugging and database handling. Interested in building reliable applications and working with development teams.","javascript, html, sql, mysql",0,BCA,Rejected,Java Developer
R0341,"Akash More is a ML Engineer candidate with 0 years experience. Education: B.Sc Computer Science. Skills: pandas, git, keras, numpy, python, scikit-learn. Project: e commerce website. Experienced in software development, testing, debugging and database handling. Interested in building reliable applications and working with development teams.","pandas, git, keras, numpy, python, scikit-learn",0,B.Sc Computer Science,Rejected,ML Engineer
R0342,"Varun Bhosale is a Python Developer candidate with 3 years experience. Education: B.Tech Computer Science. Skills: flask, mysql, pandas, django, html. Project: inventory management application. Experienced in software development, testing, debugging and database handling. Interested in building reliable applications and working with development teams.","flask, mysql, pandas, django, html",3,B.Tech Computer Science,Rejected,Python Developer
R0343,"Chetan Kulkarni is a Python Developer candidate with 1 years experience. Education: B.Tech Computer Science. Skills: flask, numpy, mysql, sql, css, pandas, python, django, git. Project: attendance management system. Experienced in software development, testing, debugging and database handling. Interested in building reliable applications and working with development teams.","flask, numpy, mysql, sql, css, pandas, python, django, git",1,B.Tech Computer Science,Selected,Python Developer
R0344,"Yash Gaikwad is a Data Analyst candidate with 0 years experience. Education: BCA. Skills: sql, numpy, pandas, git, python, excel. Project: student management system. Experienced in software development, testing, debugging and database handling. Interested in building reliable applications and working with development teams.","sql, numpy, pandas, git, python, excel",0,BCA,Rejected,Data Analyst
R0345,"Aniket Mane is a Python Developer candidate with 3 years experience. Education: B.Sc Computer Science. Skills: sql, flask, mysql, python, html. Project: resume screening system. Experienced in software development, testing, debugging and database handling. Interested in building reliable applications and working with development teams.","sql, flask, mysql, python, html",3,B.Sc Computer Science,Rejected,Python Developer
R0346,"Tanvi Chavan is a Python Developer candidate with 2 years experience. Education: MCA. Skills: git, html, sql, pandas, flask, css, numpy, python, mysql, django. Project: resume screening system. Experienced in software development, testing, debugging and database handling. Interested in building reliable applications and working with development teams.","git, html, sql, pandas, flask, css, numpy, python, mysql, django",2,MCA,Selected,Python Developer
R0347,"Gaurav Jadhav is a ML Engineer candidate with 2 years experience. Education: M.Sc Computer Science. Skills: pandas, scikit-learn, numpy, git, python, sql, tensorflow. Project: machine learning prediction project. Experienced in software development, testing, debugging and database handling. Interested in building reliable applications and working with development teams.","pandas, scikit-learn, numpy, git, python, sql, tensorflow",2,M.Sc Computer Science,Selected,ML Engineer
R0348,"Sakshi Sawant is a Data Analyst candidate with 1 years experience. Education: MCA. Skills: sql, pandas, excel, numpy, machine learning, git. Project: inventory management application. Experienced in software development, testing, debugging and database handling. Interested in building reliable applications and working with development teams.","sql, pandas, excel, numpy, machine learning, git",1,MCA,Selected,Data Analyst
R0349,"Tanvi Joshi is a ML Engineer candidate with 0 years experience. Education: B.Sc Computer Science. Skills: machine learning, git, sql, keras, python. Project: e commerce website. Experienced in software development, testing, debugging and database handling. Interested in building reliable applications and working with development teams.","machine learning, git, sql, keras, python",0,B.Sc Computer Science,Rejected,ML Engineer
R0350,"Komal Chavan is a Data Analyst candidate with 3 years experience. Education: B.Tech Computer Science. Skills: machine learning, excel, sql, pandas. Project: attendance management system. Experienced in software development, testing, debugging and database handling. Interested in building reliable applications and working with development teams.","machine learning, excel, sql, pandas",3,B.Tech Computer Science,Rejected,Data Analyst
R0351,"Tanvi Patil is a ML Engineer candidate with 2 years experience. Education: B.Sc Computer Science. Skills: machine learning, scikit-learn, pandas, keras, git, numpy. Project: e commerce website. Experienced in software development, testing, debugging and database handling. Interested in building reliable applications and working with development teams.","machine learning, scikit-learn, pandas, keras, git, numpy",2,B.Sc Computer Science,Selected,ML Engineer
R0352,"Aarav Sawant is a Python Developer candidate with 1 years experience. Education: B.Sc Computer Science. Skills: css, mysql, flask, numpy, sql, git, django. Project: sales dashboard. Experienced in software development, testing, debugging and database handling. Interested in building reliable applications and working with development teams.","css, mysql, flask, numpy, sql, git, django",1,B.Sc Computer Science,Selected,Python Developer
R0353,"Varun Pawar is a Python Developer candidate with 3 years experience. Education: B.Sc Computer Science. Skills: sql, numpy, django, css, python. Project: attendance management system. Experienced in software development, testing, debugging and database handling. Interested in building reliable applications and working with development teams.","sql, numpy, django, css, python",3,B.Sc Computer Science,Rejected,Python Developer
R0354,"Karan Mane is a ML Engineer candidate with 0 years experience. Education: BCA. Skills: git, keras, scikit-learn, machine learning. Project: e commerce website. Experienced in software development, testing, debugging and database handling. Interested in building reliable applications and working with development teams.","git, keras, scikit-learn, machine learning",0,BCA,Rejected,ML Engineer
R0355,"Pooja Kamble is a Web Developer candidate with 0 years experience. Education: BCA. Skills: git, mysql, css, javascript, sql, html, react. Project: machine learning prediction project. Experienced in software development, testing, debugging and database handling. Interested in building reliable applications and working with development teams.","git, mysql, css, javascript, sql, html, react",0,BCA,Selected,Web Developer
R0356,"Priya Deshmukh is a Full Stack Developer candidate with 2 years experience. Education: BCA. Skills: react, javascript, css, sql. Project: inventory management application. Experienced in software development, testing, debugging and database handling. Interested in building reliable applications and working with development teams.","react, javascript, css, sql",2,BCA,Rejected,Full Stack Developer
R0357,"Varun Thakur is a Web Developer candidate with 0 years experience. Education: M.Sc Computer Science. Skills: react, css, mysql, html, git, javascript. Project: customer analytics project. Experienced in software development, testing, debugging and database handling. Interested in building reliable applications and working with development teams.","react, css, mysql, html, git, javascript",0,M.Sc Computer Science,Rejected,Web Developer
R0358,"Vivek Desai is a Java Developer candidate with 0 years experience. Education: B.Tech Computer Science. Skills: java, git, css, sql, mysql, javascript. Project: attendance management system. Experienced in software development, testing, debugging and database handling. Interested in building reliable applications and working with development teams.","java, git, css, sql, mysql, javascript",0,B.Tech Computer Science,Rejected,Java Developer
R0359,"Aniket Bhosale is a Web Developer candidate with 1 years experience. Education: B.Tech Computer Science. Skills: mysql, javascript, git, html, css. Project: e commerce website. Experienced in software development, testing, debugging and database handling. Interested in building reliable applications and working with development teams.","mysql, javascript, git, html, css",1,B.Tech Computer Science,Rejected,Web Developer
R0360,"Vivek Gaikwad is a Full Stack Developer candidate with 3 years experience. Education: MCA. Skills: css, sql, flask, python, javascript, html. Project: attendance management system. Experienced in software development, testing, debugging and database handling. Interested in building reliable applications and working with development teams.","css, sql, flask, python, javascript, html",3,MCA,Selected,Full Stack Developer
R0361,"Akash Naik is a Full Stack Developer candidate with 2 years experience. Education: M.Sc Computer Science. Skills: flask, react, sql, javascript, mysql, python. Project: resume screening system. Experienced in software development, testing, debugging and database handling. Interested in building reliable applications and working with development teams.","flask, react, sql, javascript, mysql, python",2,M.Sc Computer Science,Selected,Full Stack Developer
R0362,"Sonal Chavan is a Web Developer candidate with 0 years experience. Education: M.Sc Computer Science. Skills: css, mysql, react, sql, html, javascript, git. Project: student management system. Experienced in software development, testing, debugging and database handling. Interested in building reliable applications and working with development teams.","css, mysql, react, sql, html, javascript, git",0,M.Sc Computer Science,Selected,Web Developer
R0363,"Sakshi Salunkhe is a Data Analyst candidate with 0 years experience. Education: B.Tech Computer Science. Skills: git, numpy, excel, pandas, python, sql, machine learning. Project: student management system. Experienced in software development, testing, debugging and database handling. Interested in building reliable applications and working with development teams.","git, numpy, excel, pandas, python, sql, machine learning",0,B.Tech Computer Science,Selected,Data Analyst
R0364,"Rohan More is a Python Developer candidate with 0 years experience. Education: B.Sc Computer Science. Skills: sql, css, git, django, numpy, mysql, flask, html. Project: student management system. Experienced in software development, testing, debugging and database handling. Interested in building reliable applications and working with development teams.","sql, css, git, django, numpy, mysql, flask, html",0,B.Sc Computer Science,Selected,Python Developer
R0365,"Sakshi Deshmukh is a Data Analyst candidate with 0 years experience. Education: M.Sc Computer Science. Skills: excel, numpy, python, machine learning, git. Project: machine learning prediction project. Experienced in software development, testing, debugging and database handling. Interested in building reliable applications and working with development teams.","excel, numpy, python, machine learning, git",0,M.Sc Computer Science,Rejected,Data Analyst
R0366,"Rahul Joshi is a Data Analyst candidate with 3 years experience. Education: B.Sc Computer Science. Skills: numpy, pandas, excel, git, python, machine learning, sql. Project: machine learning prediction project. Experienced in software development, testing, debugging and database handling. Interested in building reliable applications and working with development teams.","numpy, pandas, excel, git, python, machine learning, sql",3,B.Sc Computer Science,Selected,Data Analyst
R0367,"Aditi Deshmukh is a ML Engineer candidate with 2 years experience. Education: BCA. Skills: python, numpy, pandas, machine learning, keras. Project: inventory management application. Experienced in software development, testing, debugging and database handling. Interested in building reliable applications and working with development teams.","python, numpy, pandas, machine learning, keras",2,BCA,Rejected,ML Engineer
R0368,"Bhavna Shinde is a Java Developer candidate with 0 years experience. Education: B.Tech Computer Science. Skills: mysql, git, html, javascript. Project: resume screening system. Experienced in software development, testing, debugging and database handling. Interested in building reliable applications and working with development teams.","mysql, git, html, javascript",0,B.Tech Computer Science,Rejected,Java Developer
R0369,"Akash Patil is a Full Stack Developer candidate with 3 years experience. Education: MCA. Skills: mysql, react, javascript, css, flask, sql, html. Project: resume screening system. Experienced in software development, testing, debugging and database handling. Interested in building reliable applications and working with development teams.","mysql, react, javascript, css, flask, sql, html",3,MCA,Selected,Full Stack Developer
R0370,"Sneha Salunkhe is a Web Developer candidate with 1 years experience. Education: B.Tech Computer Science. Skills: mysql, react, html, javascript. Project: e commerce website. Experienced in software development, testing, debugging and database handling. Interested in building reliable applications and working with development teams.","mysql, react, html, javascript",1,B.Tech Computer Science,Rejected,Web Developer
R0371,"Aniket Mane is a Data Analyst candidate with 1 years experience. Education: MCA. Skills: numpy, python, sql, machine learning. Project: student management system. Experienced in software development, testing, debugging and database handling. Interested in building reliable applications and working with development teams.","numpy, python, sql, machine learning",1,MCA,Rejected,Data Analyst
R0372,"Deepa Sawant is a Data Analyst candidate with 0 years experience. Education: BCA. Skills: sql, machine learning, excel, git. Project: attendance management system. Experienced in software development, testing, debugging and database handling. Interested in building reliable applications and working with development teams.","sql, machine learning, excel, git",0,BCA,Rejected,Data Analyst
R0373,"Varun Shinde is a Web Developer candidate with 1 years experience. Education: M.Sc Computer Science. Skills: javascript, css, sql, html, react, mysql. Project: e commerce website. Experienced in software development, testing, debugging and database handling. Interested in building reliable applications and working with development teams.","javascript, css, sql, html, react, mysql",1,M.Sc Computer Science,Selected,Web Developer
R0374,"Priya Deshmukh is a Data Analyst candidate with 0 years experience. Education: MCA. Skills: sql, python, pandas, machine learning. Project: attendance management system. Experienced in software development, testing, debugging and database handling. Interested in building reliable applications and working with development teams.","sql, python, pandas, machine learning",0,MCA,Rejected,Data Analyst
R0375,"Rahul Mane is a Java Developer candidate with 0 years experience. Education: BCA. Skills: sql, html, css, javascript, java. Project: inventory management application. Experienced in software development, testing, debugging and database handling. Interested in building reliable applications and working with development teams.","sql, html, css, javascript, java",0,BCA,Rejected,Java Developer
R0376,"Nikhil Patil is a ML Engineer candidate with 1 years experience. Education: M.Sc Computer Science. Skills: scikit-learn, sql, numpy, keras, git. Project: student management system. Experienced in software development, testing, debugging and database handling. Interested in building reliable applications and working with development teams.","scikit-learn, sql, numpy, keras, git",1,M.Sc Computer Science,Rejected,ML Engineer
R0377,"Varun Kadam is a Java Developer candidate with 0 years experience. Education: B.Sc Computer Science. Skills: javascript, git, sql, mysql, html, java. Project: e commerce website. Experienced in software development, testing, debugging and database handling. Interested in building reliable applications and working with development teams.","javascript, git, sql, mysql, html, java",0,B.Sc Computer Science,Rejected,Java Developer
R0378,"Isha Jadhav is a Data Analyst candidate with 0 years experience. Education: B.Sc Computer Science. Skills: machine learning, sql, excel, pandas. Project: customer analytics project. Experienced in software development, testing, debugging and database handling. Interested in building reliable applications and working with development teams.","machine learning, sql, excel, pandas",0,B.Sc Computer Science,Rejected,Data Analyst
R0379,"Deepa Pujari is a Data Analyst candidate with 0 years experience. Education: B.Tech Computer Science. Skills: excel, pandas, sql, machine learning, git, numpy, python. Project: e commerce website. Experienced in software development, testing, debugging and database handling. Interested in building reliable applications and working with development teams.","excel, pandas, sql, machine learning, git, numpy, python",0,B.Tech Computer Science,Selected,Data Analyst
R0380,"Komal Pawar is a ML Engineer candidate with 2 years experience. Education: B.Tech Computer Science. Skills: python, git, pandas, numpy, sql, tensorflow. Project: inventory management application. Experienced in software development, testing, debugging and database handling. Interested in building reliable applications and working with development teams.","python, git, pandas, numpy, sql, tensorflow",2,B.Tech Computer Science,Selected,ML Engineer
R0381,"Karan Patil is a Data Analyst candidate with 0 years experience. Education: BCA. Skills: python, pandas, excel, sql. Project: customer analytics project. Experienced in software development, testing, debugging and database handling. Interested in building reliable applications and working with development teams.","python, pandas, excel, sql",0,BCA,Rejected,Data Analyst
R0382,"Karan Desai is a Python Developer candidate with 1 years experience. Education: MCA. Skills: git, flask, mysql, python, pandas. Project: resume screening system. Experienced in software development, testing, debugging and database handling. Interested in building reliable applications and working with development teams.","git, flask, mysql, python, pandas",1,MCA,Rejected,Python Developer
R0383,"Ananya Salunkhe is a Python Developer candidate with 1 years experience. Education: B.Tech Computer Science. Skills: mysql, css, django, git, numpy, flask, sql. Project: e commerce website. Experienced in software development, testing, debugging and database handling. Interested in building reliable applications and working with development teams.","mysql, css, django, git, numpy, flask, sql",1,B.Tech Computer Science,Selected,Python Developer
R0384,"Pallavi Deshmukh is a Web Developer candidate with 1 years experience. Education: M.Sc Computer Science. Skills: html, mysql, sql, css, javascript, react, git. Project: customer analytics project. Experienced in software development, testing, debugging and database handling. Interested in building reliable applications and working with development teams.","html, mysql, sql, css, javascript, react, git",1,M.Sc Computer Science,Selected,Web Developer
R0385,"Varun Kulkarni is a Web Developer candidate with 2 years experience. Education: BCA. Skills: css, mysql, sql, javascript, react, git, html. Project: machine learning prediction project. Experienced in software development, testing, debugging and database handling. Interested in building reliable applications and working with development teams.","css, mysql, sql, javascript, react, git, html",2,BCA,Selected,Web Developer
R0386,"Nikhil Gaikwad is a Data Analyst candidate with 0 years experience. Education: B.Tech Computer Science. Skills: pandas, machine learning, git, numpy, excel, python. Project: resume screening system. Experienced in software development, testing, debugging and database handling. Interested in building reliable applications and working with development teams.","pandas, machine learning, git, numpy, excel, python",0,B.Tech Computer Science,Rejected,Data Analyst
R0387,"Riya Sawant is a Data Analyst candidate with 0 years experience. Education: BCA. Skills: numpy, pandas, sql, excel, git, machine learning, python. Project: attendance management system. Experienced in software development, testing, debugging and database handling. Interested in building reliable applications and working with development teams.","numpy, pandas, sql, excel, git, machine learning, python",0,BCA,Selected,Data Analyst
R0388,"Aniket Salunkhe is a ML Engineer candidate with 0 years experience. Education: B.Sc Computer Science. Skills: sql, git, machine learning, numpy, keras. Project: customer analytics project. Experienced in software development, testing, debugging and database handling. Interested in building reliable applications and working with development teams.","sql, git, machine learning, numpy, keras",0,B.Sc Computer Science,Rejected,ML Engineer
R0389,"Yash Mane is a Python Developer candidate with 0 years experience. Education: B.Sc Computer Science. Skills: html, sql, pandas, python, mysql, django, css, numpy, git, flask. Project: customer analytics project. Experienced in software development, testing, debugging and database handling. Interested in building reliable applications and working with development teams.","html, sql, pandas, python, mysql, django, css, numpy, git, flask",0,B.Sc Computer Science,Selected,Python Developer
R0390,"Pallavi Pawar is a Full Stack Developer candidate with 2 years experience. Education: M.Sc Computer Science. Skills: css, flask, mysql, react, html, javascript. Project: student management system. Experienced in software development, testing, debugging and database handling. Interested in building reliable applications and working with development teams.","css, flask, mysql, react, html, javascript",2,M.Sc Computer Science,Selected,Full Stack Developer
R0391,"Karan Gaikwad is a Full Stack Developer candidate with 1 years experience. Education: MCA. Skills: mysql, git, react, css, javascript. Project: customer analytics project. Experienced in software development, testing, debugging and database handling. Interested in building reliable applications and working with development teams.","mysql, git, react, css, javascript",1,MCA,Rejected,Full Stack Developer
R0392,"Aniket Shinde is a Web Developer candidate with 1 years experience. Education: MCA. Skills: javascript, react, css, sql, git, mysql. Project: inventory management application. Experienced in software development, testing, debugging and database handling. Interested in building reliable applications and working with development teams.","javascript, react, css, sql, git, mysql",1,MCA,Selected,Web Developer
R0393,"Riya Joshi is a Java Developer candidate with 3 years experience. Education: M.Sc Computer Science. Skills: git, java, javascript, sql, html, css, mysql. Project: e commerce website. Experienced in software development, testing, debugging and database handling. Interested in building reliable applications and working with development teams.","git, java, javascript, sql, html, css, mysql",3,M.Sc Computer Science,Selected,Java Developer
R0394,"Sonal Gaikwad is a Data Analyst candidate with 0 years experience. Education: B.Tech Computer Science. Skills: sql, git, machine learning, excel. Project: customer analytics project. Experienced in software development, testing, debugging and database handling. Interested in building reliable applications and working with development teams.","sql, git, machine learning, excel",0,B.Tech Computer Science,Rejected,Data Analyst
R0395,"Nikhil Gaikwad is a Web Developer candidate with 0 years experience. Education: M.Sc Computer Science. Skills: html, git, sql, javascript. Project: sales dashboard. Experienced in software development, testing, debugging and database handling. Interested in building reliable applications and working with development teams.","html, git, sql, javascript",0,M.Sc Computer Science,Rejected,Web Developer
R0396,"Riya Joshi is a Web Developer candidate with 1 years experience. Education: M.Sc Computer Science. Skills: sql, html, mysql, css. Project: sales dashboard. Experienced in software development, testing, debugging and database handling. Interested in building reliable applications and working with development teams.","sql, html, mysql, css",1,M.Sc Computer Science,Rejected,Web Developer
R0397,"Ananya Sawant is a Web Developer candidate with 3 years experience. Education: MCA. Skills: css, html, mysql, git, sql, react. Project: machine learning prediction project. Experienced in software development, testing, debugging and database handling. Interested in building reliable applications and working with development teams.","css, html, mysql, git, sql, react",3,MCA,Selected,Web Developer
R0398,"Karan Bhosale is a Data Analyst candidate with 0 years experience. Education: B.Tech Computer Science. Skills: python, git, machine learning, sql, pandas, excel, numpy. Project: sales dashboard. Experienced in software development, testing, debugging and database handling. Interested in building reliable applications and working with development teams.","python, git, machine learning, sql, pandas, excel, numpy",0,B.Tech Computer Science,Selected,Data Analyst
R0399,"Aditi Thakur is a Full Stack Developer candidate with 3 years experience. Education: MCA. Skills: mysql, html, python, flask, sql, react, javascript, git, css. Project: inventory management application. Experienced in software development, testing, debugging and database handling. Interested in building reliable applications and working with development teams.","mysql, html, python, flask, sql, react, javascript, git, css",3,MCA,Selected,Full Stack Developer
R0400,"Bhavna Thakur is a Data Analyst candidate with 1 years experience. Education: MCA. Skills: sql, numpy, python, git. Project: student management system. Experienced in software development, testing, debugging and database handling. Interested in building reliable applications and working with development teams.","sql, numpy, python, git",1,MCA,Rejected,Data Analyst
R0401,"Akash Deshmukh is a Java Developer candidate with 0 years experience. Education: B.Sc Computer Science. Skills: git, html, sql, css, mysql, javascript. Project: sales dashboard. Experienced in software development, testing, debugging and database handling. Interested in building reliable applications and working with development teams.","git, html, sql, css, mysql, javascript",0,B.Sc Computer Science,Rejected,Java Developer
R0402,"Kavya Salunkhe is a Java Developer candidate with 1 years experience. Education: MCA. Skills: java, git, sql, mysql, javascript, css, html. Project: customer analytics project. Experienced in software development, testing, debugging and database handling. Interested in building reliable applications and working with development teams.","java, git, sql, mysql, javascript, css, html",1,MCA,Selected,Java Developer
R0403,"Tanvi Kadam is a Data Analyst candidate with 1 years experience. Education: MCA. Skills: python, machine learning, sql, excel, pandas, git, numpy. Project: sales dashboard. Experienced in software development, testing, debugging and database handling. Interested in building reliable applications and working with development teams.","python, machine learning, sql, excel, pandas, git, numpy",1,MCA,Selected,Data Analyst
R0404,"Tanvi Mane is a Java Developer candidate with 1 years experience. Education: B.Sc Computer Science. Skills: java, sql, mysql, html. Project: machine learning prediction project. Experienced in software development, testing, debugging and database handling. Interested in building reliable applications and working with development teams.","java, sql, mysql, html",1,B.Sc Computer Science,Rejected,Java Developer
R0405,"Karan Pujari is a Web Developer candidate with 0 years experience. Education: MCA. Skills: javascript, html, react, git. Project: student management system. Experienced in software development, testing, debugging and database handling. Interested in building reliable applications and working with development teams.","javascript, html, react, git",0,MCA,Rejected,Web Developer
R0406,"Nikhil Pawar is a Python Developer candidate with 0 years experience. Education: B.Sc Computer Science. Skills: django, mysql, sql, pandas, git, numpy, html, flask. Project: machine learning prediction project. Experienced in software development, testing, debugging and database handling. Interested in building reliable applications and working with development teams.","django, mysql, sql, pandas, git, numpy, html, flask",0,B.Sc Computer Science,Selected,Python Developer
R0407,"Akash Pujari is a ML Engineer candidate with 0 years experience. Education: M.Sc Computer Science. Skills: git, numpy, python, sql, scikit-learn. Project: inventory management application. Experienced in software development, testing, debugging and database handling. Interested in building reliable applications and working with development teams.","git, numpy, python, sql, scikit-learn",0,M.Sc Computer Science,Rejected,ML Engineer
R0408,"Nikhil More is a ML Engineer candidate with 1 years experience. Education: MCA. Skills: python, scikit-learn, machine learning, keras, sql, pandas, tensorflow, numpy, git. Project: inventory management application. Experienced in software development, testing, debugging and database handling. Interested in building reliable applications and working with development teams.","python, scikit-learn, machine learning, keras, sql, pandas, tensorflow, numpy, git",1,MCA,Selected,ML Engineer
R0409,"Riya Kulkarni is a Web Developer candidate with 0 years experience. Education: BCA. Skills: css, html, javascript, git, react, sql. Project: student management system. Experienced in software development, testing, debugging and database handling. Interested in building reliable applications and working with development teams.","css, html, javascript, git, react, sql",0,BCA,Rejected,Web Developer
R0410,"Kavya Mane is a ML Engineer candidate with 0 years experience. Education: B.Sc Computer Science. Skills: machine learning, pandas, keras, python, sql, numpy, tensorflow, git, scikit-learn. Project: machine learning prediction project. Experienced in software development, testing, debugging and database handling. Interested in building reliable applications and working with development teams.","machine learning, pandas, keras, python, sql, numpy, tensorflow, git, scikit-learn",0,B.Sc Computer Science,Selected,ML Engineer
R0411,"Sonal Deshmukh is a Java Developer candidate with 2 years experience. Education: BCA. Skills: css, sql, java, git, html. Project: customer analytics project. Experienced in software development, testing, debugging and database handling. Interested in building reliable applications and working with development teams.","css, sql, java, git, html",2,BCA,Rejected,Java Developer
R0412,"Rahul Patil is a Python Developer candidate with 1 years experience. Education: B.Sc Computer Science. Skills: numpy, pandas, sql, html, python. Project: machine learning prediction project. Experienced in software development, testing, debugging and database handling. Interested in building reliable applications and working with development teams.","numpy, pandas, sql, html, python",1,B.Sc Computer Science,Rejected,Python Developer
R0413,"Yash Kulkarni is a Data Analyst candidate with 0 years experience. Education: B.Tech Computer Science. Skills: python, git, numpy, pandas, sql. Project: e commerce website. Experienced in software development, testing, debugging and database handling. Interested in building reliable applications and working with development teams.","python, git, numpy, pandas, sql",0,B.Tech Computer Science,Rejected,Data Analyst
R0414,"Ananya Pujari is a Python Developer candidate with 0 years experience. Education: MCA. Skills: python, numpy, mysql, css, sql, flask, pandas, git, html. Project: machine learning prediction project. Experienced in software development, testing, debugging and database handling. Interested in building reliable applications and working with development teams.","python, numpy, mysql, css, sql, flask, pandas, git, html",0,MCA,Selected,Python Developer
R0415,"Sneha Gaikwad is a ML Engineer candidate with 0 years experience. Education: MCA. Skills: tensorflow, numpy, keras, git, sql, python, pandas. Project: attendance management system. Experienced in software development, testing, debugging and database handling. Interested in building reliable applications and working with development teams.","tensorflow, numpy, keras, git, sql, python, pandas",0,MCA,Selected,ML Engineer
R0416,"Priya More is a Web Developer candidate with 3 years experience. Education: MCA. Skills: html, javascript, react, sql. Project: sales dashboard. Experienced in software development, testing, debugging and database handling. Interested in building reliable applications and working with development teams.","html, javascript, react, sql",3,MCA,Rejected,Web Developer
R0417,"Gaurav Salunkhe is a Python Developer candidate with 2 years experience. Education: M.Sc Computer Science. Skills: pandas, flask, django, numpy, css, sql, html. Project: customer analytics project. Experienced in software development, testing, debugging and database handling. Interested in building reliable applications and working with development teams.","pandas, flask, django, numpy, css, sql, html",2,M.Sc Computer Science,Selected,Python Developer
R0418,"Yash Patil is a Full Stack Developer candidate with 0 years experience. Education: M.Sc Computer Science. Skills: git, mysql, javascript, html, flask. Project: inventory management application. Experienced in software development, testing, debugging and database handling. Interested in building reliable applications and working with development teams.","git, mysql, javascript, html, flask",0,M.Sc Computer Science,Rejected,Full Stack Developer
R0419,"Aditi Bhosale is a ML Engineer candidate with 1 years experience. Education: B.Sc Computer Science. Skills: sql, numpy, machine learning, keras, git, pandas, python. Project: e commerce website. Experienced in software development, testing, debugging and database handling. Interested in building reliable applications and working with development teams.","sql, numpy, machine learning, keras, git, pandas, python",1,B.Sc Computer Science,Selected,ML Engineer
R0420,"Bhavna Mane is a Data Analyst candidate with 0 years experience. Education: BCA. Skills: git, numpy, sql, python, machine learning, excel. Project: inventory management application. Experienced in software development, testing, debugging and database handling. Interested in building reliable applications and working with development teams.","git, numpy, sql, python, machine learning, excel",0,BCA,Rejected,Data Analyst
R0421,"Aarav Thakur is a Full Stack Developer candidate with 0 years experience. Education: B.Sc Computer Science. Skills: python, mysql, react, flask, html, javascript, git. Project: resume screening system. Experienced in software development, testing, debugging and database handling. Interested in building reliable applications and working with development teams.","python, mysql, react, flask, html, javascript, git",0,B.Sc Computer Science,Selected,Full Stack Developer
R0422,"Varun Sawant is a Web Developer candidate with 1 years experience. Education: MCA. Skills: css, git, mysql, sql, html. Project: resume screening system. Experienced in software development, testing, debugging and database handling. Interested in building reliable applications and working with development teams.","css, git, mysql, sql, html",1,MCA,Rejected,Web Developer
R0423,"Yash Naik is a ML Engineer candidate with 0 years experience. Education: B.Sc Computer Science. Skills: machine learning, git, keras, python, tensorflow, scikit-learn, numpy, pandas, sql. Project: attendance management system. Experienced in software development, testing, debugging and database handling. Interested in building reliable applications and working with development teams.","machine learning, git, keras, python, tensorflow, scikit-learn, numpy, pandas, sql",0,B.Sc Computer Science,Selected,ML Engineer
R0424,"Tanvi Naik is a Python Developer candidate with 2 years experience. Education: M.Sc Computer Science. Skills: css, mysql, django, pandas, flask. Project: inventory management application. Experienced in software development, testing, debugging and database handling. Interested in building reliable applications and working with development teams.","css, mysql, django, pandas, flask",2,M.Sc Computer Science,Rejected,Python Developer
R0425,"Rahul Pujari is a ML Engineer candidate with 1 years experience. Education: B.Tech Computer Science. Skills: keras, scikit-learn, numpy, python, sql, tensorflow, machine learning. Project: student management system. Experienced in software development, testing, debugging and database handling. Interested in building reliable applications and working with development teams.","keras, scikit-learn, numpy, python, sql, tensorflow, machine learning",1,B.Tech Computer Science,Selected,ML Engineer
R0426,"Neha Patil is a Java Developer candidate with 1 years experience. Education: B.Tech Computer Science. Skills: css, java, javascript, mysql, html, git, sql. Project: customer analytics project. Experienced in software development, testing, debugging and database handling. Interested in building reliable applications and working with development teams.","css, java, javascript, mysql, html, git, sql",1,B.Tech Computer Science,Selected,Java Developer
R0427,"Komal Kamble is a Full Stack Developer candidate with 0 years experience. Education: BCA. Skills: react, javascript, sql, git, python, html, mysql, flask. Project: e commerce website. Experienced in software development, testing, debugging and database handling. Interested in building reliable applications and working with development teams.","react, javascript, sql, git, python, html, mysql, flask",0,BCA,Selected,Full Stack Developer
R0428,"Bhavna Patil is a ML Engineer candidate with 1 years experience. Education: B.Sc Computer Science. Skills: python, numpy, pandas, tensorflow. Project: inventory management application. Experienced in software development, testing, debugging and database handling. Interested in building reliable applications and working with development teams.","python, numpy, pandas, tensorflow",1,B.Sc Computer Science,Rejected,ML Engineer
R0429,"Meera Salunkhe is a Python Developer candidate with 1 years experience. Education: B.Sc Computer Science. Skills: numpy, css, mysql, pandas, django. Project: resume screening system. Experienced in software development, testing, debugging and database handling. Interested in building reliable applications and working with development teams.","numpy, css, mysql, pandas, django",1,B.Sc Computer Science,Rejected,Python Developer
R0430,"Deepa Deshmukh is a Full Stack Developer candidate with 2 years experience. Education: M.Sc Computer Science. Skills: javascript, python, css, mysql, git, react, flask, sql. Project: customer analytics project. Experienced in software development, testing, debugging and database handling. Interested in building reliable applications and working with development teams.","javascript, python, css, mysql, git, react, flask, sql",2,M.Sc Computer Science,Selected,Full Stack Developer
R0431,"Deepa Naik is a Web Developer candidate with 1 years experience. Education: M.Sc Computer Science. Skills: react, javascript, sql, html, css. Project: attendance management system. Experienced in software development, testing, debugging and database handling. Interested in building reliable applications and working with development teams.","react, javascript, sql, html, css",1,M.Sc Computer Science,Rejected,Web Developer
R0432,"Vivek Bhosale is a Full Stack Developer candidate with 1 years experience. Education: B.Sc Computer Science. Skills: sql, mysql, git, css, react, html. Project: resume screening system. Experienced in software development, testing, debugging and database handling. Interested in building reliable applications and working with development teams.","sql, mysql, git, css, react, html",1,B.Sc Computer Science,Selected,Full Stack Developer
R0433,"Tanvi Patil is a Web Developer candidate with 2 years experience. Education: BCA. Skills: javascript, mysql, html, react, git. Project: customer analytics project. Experienced in software development, testing, debugging and database handling. Interested in building reliable applications and working with development teams.","javascript, mysql, html, react, git",2,BCA,Rejected,Web Developer
R0434,"Bhavna Deshmukh is a Web Developer candidate with 0 years experience. Education: B.Tech Computer Science. Skills: sql, html, mysql, javascript, react, css, git. Project: customer analytics project. Experienced in software development, testing, debugging and database handling. Interested in building reliable applications and working with development teams.","sql, html, mysql, javascript, react, css, git",0,B.Tech Computer Science,Selected,Web Developer
R0435,"Gaurav Naik is a Full Stack Developer candidate with 2 years experience. Education: B.Tech Computer Science. Skills: python, javascript, sql, git, flask, css, html. Project: customer analytics project. Experienced in software development, testing, debugging and database handling. Interested in building reliable applications and working with development teams.","python, javascript, sql, git, flask, css, html",2,B.Tech Computer Science,Selected,Full Stack Developer
R0436,"Gaurav Desai is a Data Analyst candidate with 0 years experience. Education: B.Tech Computer Science. Skills: numpy, machine learning, excel, git. Project: e commerce website. Experienced in software development, testing, debugging and database handling. Interested in building reliable applications and working with development teams.","numpy, machine learning, excel, git",0,B.Tech Computer Science,Rejected,Data Analyst
R0437,"Meera Gaikwad is a Python Developer candidate with 0 years experience. Education: B.Sc Computer Science. Skills: sql, python, css, pandas, flask, mysql. Project: inventory management application. Experienced in software development, testing, debugging and database handling. Interested in building reliable applications and working with development teams.","sql, python, css, pandas, flask, mysql",0,B.Sc Computer Science,Rejected,Python Developer
R0438,"Tanvi Mane is a Data Analyst candidate with 0 years experience. Education: B.Sc Computer Science. Skills: excel, sql, pandas, machine learning, numpy, python, git. Project: student management system. Experienced in software development, testing, debugging and database handling. Interested in building reliable applications and working with development teams.","excel, sql, pandas, machine learning, numpy, python, git",0,B.Sc Computer Science,Selected,Data Analyst
R0439,"Riya Jadhav is a Python Developer candidate with 1 years experience. Education: B.Tech Computer Science. Skills: python, numpy, pandas, sql, git, django, mysql, html. Project: customer analytics project. Experienced in software development, testing, debugging and database handling. Interested in building reliable applications and working with development teams.","python, numpy, pandas, sql, git, django, mysql, html",1,B.Tech Computer Science,Selected,Python Developer
R0440,"Bhavna Deshmukh is a Web Developer candidate with 1 years experience. Education: M.Sc Computer Science. Skills: sql, html, javascript, css, react, git, mysql. Project: attendance management system. Experienced in software development, testing, debugging and database handling. Interested in building reliable applications and working with development teams.","sql, html, javascript, css, react, git, mysql",1,M.Sc Computer Science,Selected,Web Developer
R0441,"Aditi Kamble is a Web Developer candidate with 0 years experience. Education: B.Sc Computer Science. Skills: javascript, html, react, mysql, git, sql, css. Project: e commerce website. Experienced in software development, testing, debugging and database handling. Interested in building reliable applications and working with development teams.","javascript, html, react, mysql, git, sql, css",0,B.Sc Computer Science,Selected,Web Developer
R0442,"Ananya Gaikwad is a Python Developer candidate with 0 years experience. Education: MCA. Skills: mysql, python, css, pandas, flask. Project: attendance management system. Experienced in software development, testing, debugging and database handling. Interested in building reliable applications and working with development teams.","mysql, python, css, pandas, flask",0,MCA,Rejected,Python Developer
R0443,"Neha Desai is a Data Analyst candidate with 2 years experience. Education: B.Sc Computer Science. Skills: machine learning, git, python, numpy, excel, sql, pandas. Project: attendance management system. Experienced in software development, testing, debugging and database handling. Interested in building reliable applications and working with development teams.","machine learning, git, python, numpy, excel, sql, pandas",2,B.Sc Computer Science,Selected,Data Analyst
R0444,"Gaurav Gaikwad is a ML Engineer candidate with 2 years experience. Education: M.Sc Computer Science. Skills: machine learning, tensorflow, scikit-learn, git, keras, python. Project: student management system. Experienced in software development, testing, debugging and database handling. Interested in building reliable applications and working with development teams.","machine learning, tensorflow, scikit-learn, git, keras, python",2,M.Sc Computer Science,Selected,ML Engineer
R0445,"Varun Thakur is a Java Developer candidate with 0 years experience. Education: BCA. Skills: sql, java, css, mysql, javascript, git, html. Project: machine learning prediction project. Experienced in software development, testing, debugging and database handling. Interested in building reliable applications and working with development teams.","sql, java, css, mysql, javascript, git, html",0,BCA,Selected,Java Developer
R0446,"Sakshi Desai is a Python Developer candidate with 0 years experience. Education: MCA. Skills: django, flask, mysql, pandas, git, sql, css, html. Project: student management system. Experienced in software development, testing, debugging and database handling. Interested in building reliable applications and working with development teams.","django, flask, mysql, pandas, git, sql, css, html",0,MCA,Selected,Python Developer
R0447,"Rahul More is a Python Developer candidate with 0 years experience. Education: B.Tech Computer Science. Skills: flask, django, pandas, mysql, python, css, git, html, sql, numpy. Project: attendance management system. Experienced in software development, testing, debugging and database handling. Interested in building reliable applications and working with development teams.","flask, django, pandas, mysql, python, css, git, html, sql, numpy",0,B.Tech Computer Science,Selected,Python Developer
R0448,"Kavya Sawant is a Java Developer candidate with 1 years experience. Education: M.Sc Computer Science. Skills: java, javascript, git, mysql, sql, css. Project: resume screening system. Experienced in software development, testing, debugging and database handling. Interested in building reliable applications and working with development teams.","java, javascript, git, mysql, sql, css",1,M.Sc Computer Science,Selected,Java Developer
R0449,"Rohan Salunkhe is a Web Developer candidate with 2 years experience. Education: B.Tech Computer Science. Skills: git, html, mysql, react, javascript. Project: e commerce website. Experienced in software development, testing, debugging and database handling. Interested in building reliable applications and working with development teams.","git, html, mysql, react, javascript",2,B.Tech Computer Science,Rejected,Web Developer
R0450,"Isha Pawar is a Web Developer candidate with 3 years experience. Education: MCA. Skills: javascript, git, react, mysql, sql, css. Project: student management system. Experienced in software development, testing, debugging and database handling. Interested in building reliable applications and working with development teams.","javascript, git, react, mysql, sql, css",3,MCA,Selected,Web Developer
R0451,"Kavya Sawant is a Data Analyst candidate with 0 years experience. Education: B.Tech Computer Science. Skills: numpy, excel, sql, pandas, git, machine learning. Project: e commerce website. Experienced in software development, testing, debugging and database handling. Interested in building reliable applications and working with development teams.","numpy, excel, sql, pandas, git, machine learning",0,B.Tech Computer Science,Rejected,Data Analyst
R0452,"Ananya More is a Full Stack Developer candidate with 0 years experience. Education: B.Sc Computer Science. Skills: javascript, mysql, html, react. Project: resume screening system. Experienced in software development, testing, debugging and database handling. Interested in building reliable applications and working with development teams.","javascript, mysql, html, react",0,B.Sc Computer Science,Rejected,Full Stack Developer
R0453,"Riya Salunkhe is a Java Developer candidate with 0 years experience. Education: B.Tech Computer Science. Skills: java, sql, git, css, html, mysql, javascript. Project: sales dashboard. Experienced in software development, testing, debugging and database handling. Interested in building reliable applications and working with development teams.","java, sql, git, css, html, mysql, javascript",0,B.Tech Computer Science,Selected,Java Developer
R0454,"Aarav Mane is a Full Stack Developer candidate with 1 years experience. Education: B.Tech Computer Science. Skills: sql, javascript, git, python, flask, html, react, css. Project: resume screening system. Experienced in software development, testing, debugging and database handling. Interested in building reliable applications and working with development teams.","sql, javascript, git, python, flask, html, react, css",1,B.Tech Computer Science,Selected,Full Stack Developer
R0455,"Sonal Mane is a Python Developer candidate with 0 years experience. Education: M.Sc Computer Science. Skills: numpy, pandas, sql, django, css. Project: resume screening system. Experienced in software development, testing, debugging and database handling. Interested in building reliable applications and working with development teams.","numpy, pandas, sql, django, css",0,M.Sc Computer Science,Rejected,Python Developer
R0456,"Karan Kadam is a Full Stack Developer candidate with 0 years experience. Education: B.Tech Computer Science. Skills: html, react, css, mysql, git, javascript. Project: inventory management application. Experienced in software development, testing, debugging and database handling. Interested in building reliable applications and working with development teams.","html, react, css, mysql, git, javascript",0,B.Tech Computer Science,Rejected,Full Stack Developer
R0457,"Kavya Bhosale is a Web Developer candidate with 0 years experience. Education: BCA. Skills: git, css, mysql, javascript, sql, html, react. Project: customer analytics project. Experienced in software development, testing, debugging and database handling. Interested in building reliable applications and working with development teams.","git, css, mysql, javascript, sql, html, react",0,BCA,Selected,Web Developer
R0458,"Ananya Pawar is a ML Engineer candidate with 1 years experience. Education: MCA. Skills: numpy, scikit-learn, tensorflow, pandas, keras, git. Project: attendance management system. Experienced in software development, testing, debugging and database handling. Interested in building reliable applications and working with development teams.","numpy, scikit-learn, tensorflow, pandas, keras, git",1,MCA,Selected,ML Engineer
R0459,"Neha Kadam is a Web Developer candidate with 1 years experience. Education: BCA. Skills: html, sql, git, javascript, mysql. Project: e commerce website. Experienced in software development, testing, debugging and database handling. Interested in building reliable applications and working with development teams.","html, sql, git, javascript, mysql",1,BCA,Rejected,Web Developer
R0460,"Priya Pawar is a Java Developer candidate with 1 years experience. Education: MCA. Skills: css, html, java, mysql, sql, javascript. Project: inventory management application. Experienced in software development, testing, debugging and database handling. Interested in building reliable applications and working with development teams.","css, html, java, mysql, sql, javascript",1,MCA,Selected,Java Developer
R0461,"Aarav Mane is a Full Stack Developer candidate with 1 years experience. Education: MCA. Skills: python, html, react, sql, git, css, flask, javascript, mysql. Project: student management system. Experienced in software development, testing, debugging and database handling. Interested in building reliable applications and working with development teams.","python, html, react, sql, git, css, flask, javascript, mysql",1,MCA,Selected,Full Stack Developer
R0462,"Isha Chavan is a Java Developer candidate with 1 years experience. Education: BCA. Skills: java, sql, mysql, javascript. Project: sales dashboard. Experienced in software development, testing, debugging and database handling. Interested in building reliable applications and working with development teams.","java, sql, mysql, javascript",1,BCA,Rejected,Java Developer
R0463,"Chetan Deshmukh is a Web Developer candidate with 1 years experience. Education: B.Tech Computer Science. Skills: javascript, mysql, git, sql, html. Project: e commerce website. Experienced in software development, testing, debugging and database handling. Interested in building reliable applications and working with development teams.","javascript, mysql, git, sql, html",1,B.Tech Computer Science,Rejected,Web Developer
R0464,"Bhavna Jadhav is a Data Analyst candidate with 0 years experience. Education: B.Sc Computer Science. Skills: sql, excel, machine learning, numpy, python. Project: resume screening system. Experienced in software development, testing, debugging and database handling. Interested in building reliable applications and working with development teams.","sql, excel, machine learning, numpy, python",0,B.Sc Computer Science,Rejected,Data Analyst
R0465,"Neha Patil is a Data Analyst candidate with 1 years experience. Education: B.Tech Computer Science. Skills: machine learning, git, excel, python, pandas, numpy, sql. Project: resume screening system. Experienced in software development, testing, debugging and database handling. Interested in building reliable applications and working with development teams.","machine learning, git, excel, python, pandas, numpy, sql",1,B.Tech Computer Science,Selected,Data Analyst
R0466,"Yash Patil is a Full Stack Developer candidate with 0 years experience. Education: B.Tech Computer Science. Skills: mysql, flask, sql, react, python, css. Project: sales dashboard. Experienced in software development, testing, debugging and database handling. Interested in building reliable applications and working with development teams.","mysql, flask, sql, react, python, css",0,B.Tech Computer Science,Rejected,Full Stack Developer
R0467,"Rohan Pujari is a Web Developer candidate with 0 years experience. Education: BCA. Skills: git, html, mysql, react. Project: e commerce website. Experienced in software development, testing, debugging and database handling. Interested in building reliable applications and working with development teams.","git, html, mysql, react",0,BCA,Rejected,Web Developer
R0468,"Nikhil Bhosale is a Full Stack Developer candidate with 2 years experience. Education: B.Sc Computer Science. Skills: css, javascript, html, flask. Project: attendance management system. Experienced in software development, testing, debugging and database handling. Interested in building reliable applications and working with development teams.","css, javascript, html, flask",2,B.Sc Computer Science,Rejected,Full Stack Developer
R0469,"Isha Naik is a Python Developer candidate with 3 years experience. Education: BCA. Skills: flask, git, css, mysql, sql, python, pandas, numpy. Project: inventory management application. Experienced in software development, testing, debugging and database handling. Interested in building reliable applications and working with development teams.","flask, git, css, mysql, sql, python, pandas, numpy",3,BCA,Selected,Python Developer
R0470,"Pooja Shinde is a Data Analyst candidate with 1 years experience. Education: BCA. Skills: excel, numpy, python, sql, git, machine learning. Project: inventory management application. Experienced in software development, testing, debugging and database handling. Interested in building reliable applications and working with development teams.","excel, numpy, python, sql, git, machine learning",1,BCA,Selected,Data Analyst
R0471,"Sakshi Shinde is a Full Stack Developer candidate with 2 years experience. Education: B.Tech Computer Science. Skills: html, sql, git, mysql, flask. Project: e commerce website. Experienced in software development, testing, debugging and database handling. Interested in building reliable applications and working with development teams.","html, sql, git, mysql, flask",2,B.Tech Computer Science,Rejected,Full Stack Developer
R0472,"Pallavi Joshi is a Web Developer candidate with 3 years experience. Education: B.Tech Computer Science. Skills: react, javascript, mysql, git, sql. Project: machine learning prediction project. Experienced in software development, testing, debugging and database handling. Interested in building reliable applications and working with development teams.","react, javascript, mysql, git, sql",3,B.Tech Computer Science,Rejected,Web Developer
R0473,"Aarav Naik is a Data Analyst candidate with 0 years experience. Education: B.Sc Computer Science. Skills: numpy, pandas, git, sql. Project: machine learning prediction project. Experienced in software development, testing, debugging and database handling. Interested in building reliable applications and working with development teams.","numpy, pandas, git, sql",0,B.Sc Computer Science,Rejected,Data Analyst
R0474,"Neha Kulkarni is a Full Stack Developer candidate with 1 years experience. Education: BCA. Skills: html, mysql, react, css, python, javascript, git. Project: machine learning prediction project. Experienced in software development, testing, debugging and database handling. Interested in building reliable applications and working with development teams.","html, mysql, react, css, python, javascript, git",1,BCA,Selected,Full Stack Developer
R0475,"Gaurav Chavan is a Python Developer candidate with 1 years experience. Education: BCA. Skills: html, flask, git, django, mysql, numpy, sql, python. Project: sales dashboard. Experienced in software development, testing, debugging and database handling. Interested in building reliable applications and working with development teams.","html, flask, git, django, mysql, numpy, sql, python",1,BCA,Selected,Python Developer
R0476,"Aniket Mane is a Web Developer candidate with 0 years experience. Education: B.Sc Computer Science. Skills: sql, mysql, git, html, javascript, react. Project: student management system. Experienced in software development, testing, debugging and database handling. Interested in building reliable applications and working with development teams.","sql, mysql, git, html, javascript, react",0,B.Sc Computer Science,Rejected,Web Developer
R0477,"Yash Pujari is a Web Developer candidate with 0 years experience. Education: BCA. Skills: git, javascript, css, react, mysql, sql, html. Project: sales dashboard. Experienced in software development, testing, debugging and database handling. Interested in building reliable applications and working with development teams.","git, javascript, css, react, mysql, sql, html",0,BCA,Selected,Web Developer
R0478,"Priya Mane is a Python Developer candidate with 3 years experience. Education: BCA. Skills: pandas, django, css, mysql, python, html, flask, sql, git. Project: inventory management application. Experienced in software development, testing, debugging and database handling. Interested in building reliable applications and working with development teams.","pandas, django, css, mysql, python, html, flask, sql, git",3,BCA,Selected,Python Developer
R0479,"Neha Pujari is a Java Developer candidate with 0 years experience. Education: M.Sc Computer Science. Skills: git, javascript, mysql, sql. Project: attendance management system. Experienced in software development, testing, debugging and database handling. Interested in building reliable applications and working with development teams.","git, javascript, mysql, sql",0,M.Sc Computer Science,Rejected,Java Developer
R0480,"Yash Kulkarni is a Web Developer candidate with 1 years experience. Education: B.Sc Computer Science. Skills: css, sql, mysql, git, react. Project: resume screening system. Experienced in software development, testing, debugging and database handling. Interested in building reliable applications and working with development teams.","css, sql, mysql, git, react",1,B.Sc Computer Science,Rejected,Web Developer
R0481,"Vivek Pujari is a Web Developer candidate with 3 years experience. Education: BCA. Skills: react, css, git, javascript, sql. Project: e commerce website. Experienced in software development, testing, debugging and database handling. Interested in building reliable applications and working with development teams.","react, css, git, javascript, sql",3,BCA,Rejected,Web Developer
R0482,"Ananya Thakur is a Java Developer candidate with 0 years experience. Education: BCA. Skills: javascript, git, html, sql, css, mysql, java. Project: machine learning prediction project. Experienced in software development, testing, debugging and database handling. Interested in building reliable applications and working with development teams.","javascript, git, html, sql, css, mysql, java",0,BCA,Selected,Java Developer
R0483,"Vivek Deshmukh is a ML Engineer candidate with 1 years experience. Education: MCA. Skills: python, git, keras, sql. Project: sales dashboard. Experienced in software development, testing, debugging and database handling. Interested in building reliable applications and working with development teams.","python, git, keras, sql",1,MCA,Rejected,ML Engineer
R0484,"Kavya Jadhav is a Java Developer candidate with 1 years experience. Education: MCA. Skills: git, sql, javascript, java, html, css. Project: sales dashboard. Experienced in software development, testing, debugging and database handling. Interested in building reliable applications and working with development teams.","git, sql, javascript, java, html, css",1,MCA,Selected,Java Developer
R0485,"Tanvi Mane is a Java Developer candidate with 0 years experience. Education: M.Sc Computer Science. Skills: css, java, git, mysql, sql, javascript. Project: resume screening system. Experienced in software development, testing, debugging and database handling. Interested in building reliable applications and working with development teams.","css, java, git, mysql, sql, javascript",0,M.Sc Computer Science,Rejected,Java Developer
R0486,"Vivek Kulkarni is a Java Developer candidate with 1 years experience. Education: BCA. Skills: mysql, git, javascript, css. Project: resume screening system. Experienced in software development, testing, debugging and database handling. Interested in building reliable applications and working with development teams.","mysql, git, javascript, css",1,BCA,Rejected,Java Developer
R0487,"Aniket More is a Web Developer candidate with 3 years experience. Education: BCA. Skills: git, sql, react, css. Project: attendance management system. Experienced in software development, testing, debugging and database handling. Interested in building reliable applications and working with development teams.","git, sql, react, css",3,BCA,Rejected,Web Developer
R0488,"Komal Bhosale is a Full Stack Developer candidate with 0 years experience. Education: B.Sc Computer Science. Skills: html, sql, javascript, flask, python, mysql. Project: inventory management application. Experienced in software development, testing, debugging and database handling. Interested in building reliable applications and working with development teams.","html, sql, javascript, flask, python, mysql",0,B.Sc Computer Science,Rejected,Full Stack Developer
R0489,"Pallavi Deshmukh is a Data Analyst candidate with 1 years experience. Education: MCA. Skills: machine learning, pandas, excel, sql, git, python. Project: sales dashboard. Experienced in software development, testing, debugging and database handling. Interested in building reliable applications and working with development teams.","machine learning, pandas, excel, sql, git, python",1,MCA,Selected,Data Analyst
R0490,"Akash Desai is a Python Developer candidate with 3 years experience. Education: BCA. Skills: pandas, sql, python, mysql, flask. Project: e commerce website. Experienced in software development, testing, debugging and database handling. Interested in building reliable applications and working with development teams.","pandas, sql, python, mysql, flask",3,BCA,Rejected,Python Developer
R0491,"Sneha Naik is a Python Developer candidate with 3 years experience. Education: B.Sc Computer Science. Skills: python, git, sql, flask, html, css, mysql. Project: student management system. Experienced in software development, testing, debugging and database handling. Interested in building reliable applications and working with development teams.","python, git, sql, flask, html, css, mysql",3,B.Sc Computer Science,Selected,Python Developer
R0492,"Neha Joshi is a Data Analyst candidate with 3 years experience. Education: MCA. Skills: machine learning, git, excel, numpy, sql. Project: e commerce website. Experienced in software development, testing, debugging and database handling. Interested in building reliable applications and working with development teams.","machine learning, git, excel, numpy, sql",3,MCA,Rejected,Data Analyst
R0493,"Gaurav Kamble is a Web Developer candidate with 3 years experience. Education: BCA. Skills: react, html, git, sql, css, javascript, mysql. Project: machine learning prediction project. Experienced in software development, testing, debugging and database handling. Interested in building reliable applications and working with development teams.","react, html, git, sql, css, javascript, mysql",3,BCA,Selected,Web Developer
R0494,"Meera Deshmukh is a Data Analyst candidate with 3 years experience. Education: BCA. Skills: python, pandas, sql, numpy, git. Project: customer analytics project. Experienced in software development, testing, debugging and database handling. Interested in building reliable applications and working with development teams.","python, pandas, sql, numpy, git",3,BCA,Rejected,Data Analyst
R0495,"Varun Kamble is a Data Analyst candidate with 3 years experience. Education: B.Tech Computer Science. Skills: sql, numpy, python, machine learning, git. Project: student management system. Experienced in software development, testing, debugging and database handling. Interested in building reliable applications and working with development teams.","sql, numpy, python, machine learning, git",3,B.Tech Computer Science,Rejected,Data Analyst
R0496,"Rahul Naik is a Python Developer candidate with 0 years experience. Education: BCA. Skills: css, numpy, django, mysql, sql, flask. Project: machine learning prediction project. Experienced in software development, testing, debugging and database handling. Interested in building reliable applications and working with development teams.","css, numpy, django, mysql, sql, flask",0,BCA,Rejected,Python Developer
R0497,"Aditi More is a Python Developer candidate with 3 years experience. Education: B.Tech Computer Science. Skills: sql, css, html, numpy, flask, pandas. Project: student management system. Experienced in software development, testing, debugging and database handling. Interested in building reliable applications and working with development teams.","sql, css, html, numpy, flask, pandas",3,B.Tech Computer Science,Selected,Python Developer
R0498,"Yash Bhosale is a ML Engineer candidate with 0 years experience. Education: B.Sc Computer Science. Skills: git, sql, pandas, scikit-learn. Project: student management system. Experienced in software development, testing, debugging and database handling. Interested in building reliable applications and working with development teams.","git, sql, pandas, scikit-learn",0,B.Sc Computer Science,Rejected,ML Engineer
R0499,"Bhavna Pawar is a Web Developer candidate with 0 years experience. Education: B.Tech Computer Science. Skills: react, css, javascript, git. Project: resume screening system. Experienced in software development, testing, debugging and database handling. Interested in building reliable applications and working with development teams.","react, css, javascript, git",0,B.Tech Computer Science,Rejected,Web Developer
R0500,"Sonal Jadhav is a Web Developer candidate with 0 years experience. Education: B.Sc Computer Science. Skills: react, html, mysql, javascript, git. Project: resume screening system. Experienced in software development, testing, debugging and database handling. Interested in building reliable applications and working with development teams.","react, html, mysql, javascript, git",0,B.Sc Computer Science,Rejected,Web Developer
